2023-06-16,,,,style,position,Current drawdown,Largest drawdown,To lowest drawdown 📉🔽,To Highest required 📈🔼,pe,pe10pos,pe to lowest,pb,pb10pos,pb to lowest,roe,roe/pe,div,funds
A股,899050,2022-11-20,北证50,成长,,-16.20%,-17.54%,1.60%,19.33%,1.8e+01,36.69%,9.37%,2.5,18.71%,4.63%,13.89%,0.77,1.41%,"广发北证50成份指数A(017512), 广发北证50成份指数C(017513), 易方达北证50成份指数A(017515), 易方达北证50成份指数C(017516), 招商北证50成份指数发起式A(017517), 招商北证50成份指数发起式C(017518), 汇添富北证50成份指数A(017519), 汇添富北证50成份指数C(017520), 富国北证50成份指数A(017521), 富国北证50成份指数C(017522), 南方北证50成份指数发起A(017523), 南方北证50成份指数发起C(017524), 华夏北证50成份指数A(017525), 华夏北证50成份指数C(017526), 嘉实北证50成份指数A(017527), 嘉实北证50成份指数C(017528)"
A股,399993,2015-05-07,CSWD生科,成长,,-53.37%,-54.60%,2.64%,114.45%,4.4e+01,21.68%,29.70%,3.9,0.41%,3.47%,8.86%,0.2,1.10%,"易方达中证万得生物科技指数（LOF）C(010572), 易方达中证万得生物科技指数（LOF）A(161122)"
A股,980015,2015-02-15,疫苗生科,成长,,-54.87%,-56.22%,2.99%,121.58%,3.1e+01,24.84%,20.97%,4.2,5.92%,6.71%,13.55%,0.44,1.14%,"华夏国证疫苗与生物科技指数发起式A(016355), 国泰国证疫苗与生物科技ETF发起联接A(017185), 国泰国证疫苗与生物科技ETF(159643), 富国国证疫苗与生物科技ETF(159645), 疫苗ETF基金(159646), 生物疫苗ETF(159657)"
A股,930743,2015-08-25,中证生科,成长,,-51.97%,-53.51%,3.21%,108.20%,4.1e+01,22.19%,41.66%,4.3,1.16%,5.52%,10.49%,0.25,1.01%,"华夏中证生物科技主题ETF发起式联接A(017604), 汇添富中证生物科技指数A(501009), 汇添富中证生物科技指数C(501010), 华夏中证生物科技主题ETF(516500), 生物科技ETF基金(516930), 易方达中证生物科技主题ETF(159837), 招商中证生物科技主题ETF(159849)"
A股,930707,2015-07-12,中证畜牧,周期,,-46.59%,-48.37%,3.33%,87.23%,2.2e+01,29.45%,47.83%,2.8,4.35%,6.32%,12.73%,0.59,1.30%,"国泰中证畜牧养殖ETF联接A(012724), 国泰中证畜牧养殖ETF联接C(012725), 招商中证畜牧养殖ETF联接A(014414), 招商中证畜牧养殖ETF(516670), 平安中证畜牧养殖ETF(516760), 国泰中证畜牧养殖ETF(159865), 畜牧ETF(159867)"
A股,399814,2014-07-21,大农业,周期,*,-44.05%,-45.93%,3.36%,78.73%,2e+01,1.32%,8.56%,3.2,21.25%,19.34%,16.00%,0.82,1.89%,"前海开源中证大农业指数增强A(001027), 嘉实中证大农业ETF(516550)"
A股,930719,2015-08-04,CS精准医,成长,,-54.63%,-56.25%,3.57%,120.41%,3.8e+01,23.77%,22.90%,4.9,2.94%,6.91%,12.89%,0.34,1.01%,"汇添富中证精准医指数（LOF）A(501005), 汇添富中证精准医指数（LOF）C(501006)"
A股,930939,2018-11-20,500质量,成长,*,-27.16%,-29.85%,3.69%,37.29%,1.6e+01,49.32%,34.95%,2.6,74.12%,34.89%,16.25%,1.0,2.35%,"鹏扬中证500质量成长ETF联接A(007593), 鹏扬中证500质量成长ETF联接C(007594), 鹏扬中证500质量成长ETF(560500), 易方达中证500质量成长ETF(159606)"
A股,931484,2020-05-05,CS医药创新,成长,*,-61.26%,-62.69%,3.69%,158.13%,2.4e+01,11.35%,12.96%,5.5,4.62%,11.49%,22.92%,0.97,1.39%,"平安中证医药及医疗器械创新指数发起式A(013873), 平安中证医疗创新ETF(516820), 方正富邦中证医药及医疗器械创新ETF(560600)"
A股,399441,2015-01-19,生物医药,成长,*,-59.74%,-61.43%,4.20%,148.39%,3.1e+01,7.48%,22.75%,4.1,1.08%,8.16%,13.23%,0.43,0.87%,"天弘国证生物医药ETF发起式联接A(011040), 天弘国证生物医药ETF发起式联接C(011041), 招商国证生物医药指数C(012417), 华安国证生物医药指数A(012598), 华安国证生物医药指数C(012599), 汇添富国证生物医药ETF(159839), 生物医药ETF(159859), 招商国证生物医药指数A(161726)"
A股,399326,2006-01-23,成长40,成长,*,-49.10%,-51.35%,4.42%,96.46%,1.5e+01,0.16%,4.09%,3.4,4.02%,12.49%,22.67%,1.6,1.35%,"大成深证成长40ETF联接(090012), 大成深证成长40ETF(159906)"
A股,399965,2012-12-20,800地产,价值,,-47.29%,-49.63%,4.44%,89.72%,1.6e+01,69.99%,64.62%,0.81,2.67%,11.88%,5.06%,0.32,2.27%,"地产ETF(159707), 鹏华中证800地产指数(LOF)A(160628)"
A股,399983,2013-11-21,地产等权,价值,,-53.32%,-55.44%,4.54%,114.22%,1.4e+01,76.81%,64.33%,0.74,1.03%,5.52%,5.29%,0.38,2.71%,"招商沪深300地产等权重指数C(013273), 招商沪深300地产等权重指数A(161721)"
A股,931066,2018-02-04,军工龙头,成长,,-36.26%,-39.25%,4.69%,56.89%,4.4e+01,63.92%,33.31%,3.1,4.62%,7.56%,7.05%,0.16,0.70%,富国中证军工龙头ETF(512710)
A股,931755,2021-10-20,SEEE碳中和,大盘成长,,-28.03%,-31.49%,4.81%,38.95%,1.8e+01,1.09%,3.76%,2.4,6.83%,5.55%,13.33%,0.75,1.80%,"华安中证上海环交所碳中和指数发起式A(016763), 广发中证上海环交所碳中和ETF发起式联接(016897), 易方达中证上海环交所碳中和ETF联接A(016899), 汇添富中证上海环交所碳中和ETF发起式联接A(017907), 汇添富中证上海环交所碳中和ETF(560060), 广发中证上海环交所碳中和ETF(560550), 富国中证上海环交所碳中和ETF(561190), 易方达中证上海环交所碳中和ETF(562990), 南方中证上海环交所碳中和ETF(159639), 碳中和龙头ETF(159640), 招商中证上海环交所碳中和ETF(159641), 大成中证上海环交所碳中和ETF(159642)"
A股,980032,2015-02-16,新能电池,成长,,-43.52%,-46.63%,5.51%,77.05%,2.4e+01,5.59%,8.61%,4.5,4.61%,7.51%,18.75%,0.79,0.74%,"广发国证新能源车电池ETF发起联接A(013179), 广发国证新能源车电池ETF发起联接C(013180), 景顺长城国证新能源车电池ETF联接A(015871), 工银国证新能源车电池ETF发起式联接A(015873), 万家国证新能源车电池指数发起式(018379), 广发国证新能源车电池ETF(159755), 景顺长城国证新能电池ETF(159757), 兴银国证新能源车电池ETF(159767), 建信国证新能源车电池ETF(159775), 锂电池ETF(159840)"
A股,H30178,2013-07-14,医疗保健,成长,,-47.09%,-50.02%,5.54%,89.00%,3.3e+01,15.60%,39.78%,4.4,2.15%,9.13%,13.33%,0.41,1.38%,"天弘中证全指医疗保健设备与服务ETF发起式联接A(012326), 天弘中证全指医疗保健设备与服务ETF发起式联接C(012327), 医服ETF(516610), 保健ETF(516790), 医疗设备ETF(159873), 南方中证全指医疗保健设备与服务ETF(159877), 建信中证全指医疗保健设备与服务ETF(159891)"
A股,931152,2019-04-21,CS创新药,成长,,-47.56%,-50.50%,5.61%,90.69%,4.3e+01,53.02%,35.13%,3.6,7.04%,12.12%,8.37%,0.2,0.96%,"广发创新药ETF联接A(012737), 广发创新药ETF联接C(012738), 银华中证创新药产业ETF发起式联接A(012781), 银华中证创新药产业ETF发起式联接C(012782), 工银中证创新药产业ETF发起式联接A(013011), 工银中证创新药产业ETF发起式联接C(013012), 广发创新药ETF(515120), 新药ETF(516060), 易方达中证创新药产业ETF(516080), 摩根中证创新药产业ETF(560900), 建信中证创新药产业ETF (159835), 南方中证创新药产业ETF(159858), 创新药(159992)"
A股,000171,2017-01-24,新兴成指,成长,*,-46.23%,-49.25%,5.62%,85.98%,1.9e+01,8.70%,22.21%,3.5,13.14%,24.67%,18.42%,0.95,1.81%,"华夏战略新兴成指ETF联接A(006909), 华夏战略新兴成指ETF联接C(006910), 华夏战略新兴成指ETF(512770)"
A股,000913,2007-07-01,300医药,成长,,-51.03%,-53.93%,5.92%,104.21%,3e+01,18.72%,21.88%,4.5,26.89%,25.48%,15.00%,0.5,1.02%,"易方达沪深300医药ETF联接A(001344), 易方达沪深300医药ETF联接C(007883), 易方达沪深300医药ETF(512010)"
A股,000918,2008-01-20,300成长,成长,*,-45.45%,-48.87%,6.27%,83.32%,1.5e+01,49.38%,50.09%,2.8,57.43%,53.42%,18.67%,1.2,2.50%,"万家沪深300成长ETF发起式联接A(017996), 300成长(562310), 万家沪深300成长ETF（场内简称：300成长ETF）(159656)"
A股,399393,2012-08-19,国证地产,价值,,-44.77%,-48.35%,6.48%,81.06%,4.1e+01,93.19%,84.40%,0.91,3.61%,12.78%,2.22%,0.055,2.22%,"国泰国证房地产行业指数C(015042), 国泰国证房地产行业指数A(160218)"
A股,931142,2019-03-19,东证竞争,价值,,-33.87%,-38.31%,6.71%,51.22%,1.3e+01,46.36%,23.35%,1.8,40.25%,13.67%,13.85%,1.1,3.23%,"东方红中证竞争力指数A(007657), 东方红中证竞争力指数C(007658)"
A股,931166,2019-04-24,医药健康100,成长,,-46.03%,-49.71%,6.82%,85.29%,2.5e+01,28.43%,29.67%,4.2,14.41%,15.23%,16.80%,0.67,1.37%,"嘉实医药健康100ETF联接A(008154), 嘉实医药健康100ETF联接C(008155), 嘉实医药健康100ETF(515960)"
A股,399293,2019-04-17,创业大盘,成长,,-41.40%,-45.52%,7.03%,70.65%,3.2e+01,3.80%,13.38%,5.4,4.31%,11.29%,16.88%,0.52,0.73%,"西部利得创业板大盘ETF联接A(012554), 西部利得创业板大盘ETF联接C(012555), 招商创业板大盘ETF联接(012961), 西部利得创业板大盘ETF(159814), 招商创业板大盘ETF(159991)"
A股,H30217,2013-07-14,医疗器械,成长,,-44.77%,-48.89%,7.46%,81.06%,2.8e+01,15.27%,39.34%,4.0,4.06%,18.69%,14.29%,0.51,1.62%,"永赢中证全指医疗器械ETF发起联接A(013415), 永赢中证全指医疗器械ETF发起联接C(013416), 汇添富中证全指医疗器械ETF发起式联接A(017632), 汇添富中证全指医疗器械ETF(159797), 医疗器械ETF(159883), 招商中证全指医疗器械ETF(159898)"
A股,931643,2021-05-31,科创创业50,成长,,-42.67%,-47.04%,7.62%,74.43%,3.3e+01,3.62%,4.81%,4.8,5.84%,6.13%,14.55%,0.44,0.76%,"天弘中证科创创业50ETF联接A(012894), 天弘中证科创创业50ETF联接C(012895), 兴银中证科创创业50指数A(012898), 兴银中证科创创业50指数C(012899), 鹏扬中证科创创业50ETF联接A(012907), 鹏扬中证科创创业50ETF联接C(012908), 南方中证科创创业50ETF联接A(013298), 南方中证科创创业50ETF联接C(013299), 招商中证科创创业50ETF联接A(013302), 招商中证科创创业50ETF联接C(013303), 易方达中证科创创业50联接A(013304), 易方达中证科创创业50联接C(013305), 国泰中证科创创业50ETF发起联接A(013306), 国泰中证科创创业50ETF发起联接C(013307), 华夏科创创业50ETF发起式联接A(013310), 华夏科创创业50ETF发起式联接C(013311), 富国中证科创创业50ETF联接A(013313), 富国中证科创创业50ETF联接C(013314), 嘉实中证科创创业50ETF发起联接A(013315), 嘉实中证科创创业50ETF发起联接C(013316), 华宝中证科创创业50ETF发起式联接A(013317), 华宝中证科创创业50ETF发起式联接C(013318), 博时中证科创创业50ETF发起式联接A(014099), 博时中证科创创业50ETF发起式联接C(014100), 汇添富中证科创创业50指数增强发起式A(014218), 华富中证科创创业50指数增强A(016122), 易米中证科创创业50指数增强发起A(016392), 长信中证科创创业50指数增强A(016729), 创金合信中证科创创业50指数增强A(017412), 招商中证科创创业50ETF(588300), 方正富邦科创创业50ETF(588310), 广发中证科创创业50增强策略ETF(588320), 双创龙头(588330), 鹏扬中证科创创业50ETF(588350), 国泰中证科创创业50ETF(588360), 富国中证科创创业50ETF(588380), 博时中证科创创业50ETF(588390), 嘉实中证科创创业50ETF(588400), 双创龙头ETF(159603), 南方中证科创创业50ETF(159780), 易方达中证科创创业50ETF(159781), 双创50(159782), 华夏中证科创创业50ETF(159783)"
A股,399394,2012-10-28,国证医药,成长,,-47.22%,-51.38%,7.88%,89.47%,3.1e+01,13.79%,25.04%,4.1,10.30%,23.32%,13.23%,0.43,1.20%,"国泰国证医药卫生行业指数C(010144), 国泰国证医药卫生行业指数A(160219)"
A股,000814,2012-04-10,细分医药,成长,,-46.77%,-51.21%,8.34%,87.86%,2.7e+01,5.95%,18.51%,3.5,3.74%,13.27%,12.96%,0.47,1.22%,"华安中证细分医药ETF联接A(000373), 华安中证细分医药ETF联接C(000376), 华安中证细分医药ETF(512120)"
A股,931009,2013-07-14,建筑材料,周期,,-37.37%,-42.62%,8.38%,59.67%,2.3e+01,95.56%,64.76%,1.3,3.42%,11.74%,5.65%,0.25,2.39%,"广发中证全指建筑材料指数A(004856), 广发中证全指建筑材料指数C(004857), 国泰中证全指建筑材料ETF发起联接A(013019), 国泰中证全指建筑材料ETF发起联接C(013020), 富国中证全指建筑材料ETF(516750), 国泰中证全指建筑材料ETF(159745), 易方达中证全指建筑材料ETF(159787)"
A股,000808,2012-02-16,医药生物,成长,,-45.65%,-50.24%,8.45%,83.99%,2.9e+01,15.19%,20.29%,3.7,6.53%,16.24%,12.76%,0.43,1.25%,申万菱信中证申万医药生物指数A(163118)
A股,399364,2009-08-02,消费100,成长,,-40.91%,-46.05%,8.70%,69.23%,2.9e+01,70.88%,53.77%,4.1,71.78%,39.78%,14.14%,0.49,1.40%,"天弘国证消费100指数增强A(010771), 天弘国证消费100指数增强C(010772), 易米国证消费100指数增强发起A(013926), 易米国证消费100指数增强发起C(013927)"
A股,000813,2012-04-10,细分化工,成长,,-45.95%,-50.66%,8.71%,85.01%,1.9e+01,35.39%,40.46%,2.5,38.22%,34.22%,13.16%,0.69,1.72%,"华宝化工ETF联接A(012537), 华宝化工ETF联接C(012538), 国泰中证细分化工产业主题ETF联接A(012730), 国泰中证细分化工产业主题ETF联接C(012731), 嘉实中证细分化工产业主题指数发起式A(013527), 鹏华中证细分化工产业主题ETF联接A(014942), 汇添富中证细分化工产业主题指数增强发起式A(015225), 华泰紫金中证细分化工产业主题指数发起A(015328), 天弘中证细分化工指数发起A(015896), 化工ETF(516020), 富国中证细分化工产业主题ETF(516120), 国泰中证细分化工产业主题ETF(516220), 化工产业(516690), 化工ETF(159870)"
A股,000933,2009-07-02,中证医药,成长,,-44.64%,-49.64%,9.03%,80.64%,2.8e+01,7.35%,18.90%,3.7,7.22%,19.62%,13.21%,0.47,1.31%,"添富中证医药ETF联接A(007076), 添富中证医药ETF联接C(007077), 东财医药A(008551), 东财医药C(008552), 鹏华中证医药指数C（LOF）(010366), 长城中证医药卫生指数增强A(014205), 汇添富中证医药卫生ETF(159929), 鹏华中证医药指数A（LOF）(160635)"
A股,930726,2015-08-04,CS生医,成长,,-53.63%,-57.85%,9.10%,115.66%,3.2e+01,13.76%,23.66%,4.9,1.73%,6.19%,15.31%,0.48,1.11%,"国泰中证生物医药ETF联接A(006756), 国泰中证生物医药ETF联接C(006757), 国泰中证生物医药ETF(512290)"
A股,931719,2013-07-14,CS电池,成长,,-46.08%,-51.02%,9.16%,85.46%,2.6e+01,1.28%,8.47%,4.2,54.10%,53.37%,16.15%,0.62,0.77%,"汇添富中证电池主题ETF发起式联接A(012862), 汇添富中证电池主题ETF发起式联接C(012863), 大成中证电池主题指数发起式A(015997), 招商中证电池主题ETF联接A(016019), 嘉实中证电池主题ETF发起联接A(016566), 富国中证电池主题ETF发起式联接A(017222), 富国中证电池主题ETF(561160), 招商中证电池主题ETF(561910), 嘉实中证电池主题ETF(562880), 汇添富中证电池主题ETF(159796)"
A股,H11052,2009-07-21,智能电车,成长,,-39.54%,-45.18%,9.33%,65.40%,2.2e+01,1.07%,5.32%,4.3,65.27%,50.86%,19.55%,0.87,0.87%,"华宝中证智能电动汽车ETF发起式联接A(013475), 华宝中证智能电动汽车ETF发起式联接C(013476), 智能电动车ETF(516380), 易方达中证智能电动汽车ETF(516590), 浦银安盛中证智能电动汽车ETF(560000), 建信中证智能电动汽车ETF(159710), 泰康智能电车ETF(159720)"
A股,000069,2010-05-27,消费80,成长,,-41.44%,-46.97%,9.44%,70.77%,2.9e+01,69.38%,47.41%,4.0,69.95%,42.33%,13.79%,0.48,1.84%,"招商上证消费80ETF联接C(004407), 招商上证消费80ETF联接A(217017), 招商上证消费80ETF(510150)"
A股,399296,2019-01-22,创成长,成长,,-37.10%,-43.09%,9.52%,58.98%,3.7e+01,5.34%,20.41%,6.0,12.37%,13.58%,16.22%,0.43,0.70%,"华夏创业板动量成长ETF发起式联接A(007474), 华夏创业板动量成长ETF发起式联接C(007475), 华夏创成长ETF(159967)"
A股,931526,2020-08-23,企业核心竞争力50,成长,,-36.19%,-42.30%,9.58%,56.72%,2.1e+01,16.42%,10.70%,4.2,31.82%,17.14%,20.00%,0.95,1.62%,"核心50ETF(560650), 漂亮50(561500)"
港股,HSSSHID,2020-02-29,恒生沪深港创新药精选50指数,成长,,-45.08%,-50.51%,9.89%,82.08%,4.1e+01,38.61%,41.45%,3.0,3.60%,3.58%,7.32%,0.18,1.13%,创新药AH(517380)
A股,000841,2012-12-20,800医药,成长,,-44.21%,-49.92%,10.23%,79.24%,2.8e+01,8.83%,24.25%,3.5,8.70%,20.77%,12.50%,0.44,1.15%,"中信保诚中证800医药指数（LOF）C(013080), 中信保诚中证800医药指数（LOF）A(165519)"
A股,931140,2019-03-19,医药50,成长,,-46.29%,-51.79%,10.24%,86.19%,2.7e+01,18.91%,17.45%,5.0,15.71%,16.94%,18.52%,0.69,1.34%,"富国中证医药50ETF联接A(012801), 富国中证医药50ETF联接C(012802), 华泰紫金中证医药50指数发起A(015497), 富国中证医药50ETF(515950), 博时医药50ETF(159838)"
A股,930791,2016-03-21,CS医药TI,成长,,-39.49%,-45.94%,10.66%,65.26%,3.3e+01,31.91%,30.32%,3.5,9.77%,19.70%,10.61%,0.32,1.21%,"富国中证医药主题指数增强型（LOF）C(005626), 天弘中证医药指数增强A(012401), 天弘中证医药指数增强C(012402), 富国中证医药主题指数增强型（LOF）A(161035)"
A股,931590,2020-11-08,500成长创新,成长,,-24.15%,-32.26%,10.69%,31.84%,2.4e+01,79.11%,38.67%,2.8,44.08%,28.80%,11.67%,0.49,1.61%,华夏中证智选500成长创新策略ETF(159620)
A股,931380,2019-11-24,科技50,成长,,-40.37%,-46.78%,10.75%,67.70%,3.3e+01,17.01%,13.74%,4.6,10.07%,7.64%,13.94%,0.43,0.74%,"易方达中证科技50联接A(012717), 易方达中证科技50联接C(012718), 易方达中证科技50ETF(159807)"
A股,931409,2020-02-19,SHS创新药,成长,,-47.47%,-53.12%,10.76%,90.37%,4.3e+01,42.04%,28.37%,3.6,9.62%,13.01%,8.37%,0.2,1.05%,"国泰中证沪港深创新药产业ETF发起联接A(014117), 国泰中证沪港深创新药产业ETF发起联接C(014118), 东财中证沪港深创新药指数发起式A(014128), 东财中证沪港深创新药指数发起式C(014129), 天弘恒生沪深港创新药精选50ETF发起联接A(014564), 天弘恒生沪深港创新药精选50ETF发起联接C(014565), 国泰中证沪港深创新药产业ETF(517110), 创新药50(517120), 富国中证沪港深创新药产业ETF(159748)"
A股,931802,2010-02-08,中证龙头,平衡,,-42.90%,-49.27%,11.16%,75.13%,1.1e+01,23.48%,26.75%,1.6,60.71%,26.13%,14.55%,1.3,3.68%,易方达中证龙头企业指数A(012756)
A股,000903,2006-05-28,中证100,宽基,,-36.90%,-44.04%,11.32%,58.48%,1.3e+01,86.54%,47.96%,1.7,87.81%,37.77%,13.08%,0.99,3.23%,"南方中证100指数C(005691), 广发中证100ETF联接A(007135), 广发中证100ETF联接C(007136), 华宝中证100ETF联接C(007405), 宝盈中证100指数增强C(007580), 中银中证100ETF联接基金A(009479), 中银中证100ETF联接基金C(009480), 海富通中证100指数C(010224), 诺安中证100指数C(010351), 华夏中证100ETF发起式联接A(017862), 中银中证100指数增强(163808), 南方中证100指数A(202211), 宝盈中证100指数增强A(213010), 华宝中证100ETF联接A(240014), 诺安中证100指数A(320010), 华富中证100指数(410008), 长盛中证100指数(519100), 广发中证100ETF(512910), 中银100(515670), 富国中证100ETF(561180), 华宝中证100ETF(562000), 华夏中证100ETF(159627), 汇添富中证100ETF(159630), 招商中证100ETF(159631), 大成中证100ETF(159923), 海富通中证100指数A(162307), 国联安中证100指数（LOF）(162509), 国富中证100指数增强（LOF）(164508)"
A股,931775,2013-07-14,房地产,价值,,-43.47%,-49.88%,11.34%,76.90%,1.5e+02,98.01%,95.41%,0.86,1.32%,8.09%,0.57%,0.0038,1.98%,"南方中证房地产ETF发起联接A(004642), 南方中证房地产ETF发起联接C(004643), 华夏中证全指房地产ETF联接A(008088), 华夏中证全指房地产ETF联接C(008089), 南方中证房地产ETF发起联接E(010989), 南方中证全指房地产ETF(512200), 华夏中证全指房地产ETF(515060)"
A股,931468,2020-05-20,红利质量,价值,,-13.28%,-23.16%,11.39%,15.31%,1.7e+01,10.84%,18.50%,3.2,4.28%,14.02%,18.82%,1.1,3.11%,"华夏中证红利质量ETF发起式联接A(016440), 华夏中证红利质量ETF(159758)"
A股,000932,2009-07-02,中证消费,成长,,-36.72%,-44.33%,12.03%,58.03%,2.9e+01,46.88%,41.63%,5.7,59.03%,51.59%,19.66%,0.67,2.12%,"汇添富中证主要消费ETF联接A(000248), 嘉实中证主要消费ETF联接A(009179), 嘉实中证主要消费ETF联接C(009180), 汇添富中证主要消费ETF联接C(012857), 嘉实中证主要消费ETF(512600), 广发中证主要消费ETF(560680), 博时主要消费ETF(159672), 南方中证主要消费ETF(159689), 汇添富中证主要消费ETF(159928)"
A股,931151,2019-04-21,光伏产业,成长,,-36.80%,-44.48%,12.15%,58.23%,1.6e+01,3.17%,14.73%,3.4,41.92%,49.55%,21.25%,1.3,1.66%,"天弘中证光伏A(011102), 天弘中证光伏C(011103), 招商中证光伏产业指数A(011966), 招商中证光伏产业指数C(011967), 广发中证光伏产业指数A(012364), 广发中证光伏产业指数C(012365), 华泰柏瑞光伏ETF联接A(012679), 华泰柏瑞光伏ETF联接C(012680), 平安中证光伏产业指数A(012722), 平安中证光伏产业指数C(012723), 华夏中证光伏产业指数发起式A(012885), 华夏中证光伏产业指数发起式C(012886), 银华中证光伏产业ETF发起式联接A(012928), 华安中证光伏产业ETF发起式联接A(013105), 华安中证光伏产业ETF发起式联接C(013106), 国泰中证光伏产业ETF发起联接A(013601), 国泰中证光伏产业ETF发起联接C(013602), 汇添富中证光伏产业指数增强发起式A(013816), 汇添富中证光伏产业指数增强发起式C(013817), 嘉实中证光伏产业指数发起式A(014604), 嘉实中证光伏产业指数发起式C(014605), 博时中证光伏产业指数A(015993), 浦银安盛中证光伏产业ETF联接A(017116), 光伏ETF(515790), 光伏产业(516180), 汇添富中证光伏产业ETF(516290), 光伏50(516880), 浦银安盛中证光伏产业ETF(159609), 华安中证光伏产业ETF(159618), 光伏ETF(159857), 光伏产业(159863), 国泰中证光伏产业ETF(159864)"
A股,399295,2019-01-22,创业蓝筹,成长,,-34.01%,-42.04%,12.17%,51.54%,3.1e+01,1.41%,5.09%,5.6,12.56%,24.80%,18.06%,0.59,0.89%,"华夏创业板低波价值ETF发起式联接A(007472), 华夏创业板低波价值ETF发起式联接C(007473), 华夏创业板低波价值ETF(159966)"
A股,399088,2020-02-17,深创100,成长,,-32.61%,-40.95%,12.38%,48.39%,2.3e+01,5.20%,6.59%,3.5,7.80%,6.99%,15.22%,0.67,1.31%,"华宝深创100ETF发起式联接A(013177), 华宝深创100ETF发起式联接C(013178), 永赢深创100ETF发起式联接A(013907), 永赢深创100ETF发起式联接C(013908), 深创100(159716), 深创龙头ETF(159721)"
A股,000036,2009-01-08,上证消费,成长,,-38.03%,-45.71%,12.39%,61.37%,3.3e+01,55.79%,44.86%,7.7,71.51%,64.12%,23.33%,0.72,2.26%,华夏消费ETF(510630)
A股,931402,2020-01-13,证券先锋,价值,,-31.03%,-39.88%,12.83%,44.99%,1.9e+01,35.83%,28.73%,1.3,13.87%,9.95%,6.84%,0.36,1.53%,华富中证券公司先锋策略 ETF(516980)
A股,000806,2012-02-09,消费服务,成长,,-40.59%,-48.29%,12.96%,68.32%,1.1e+01,48.44%,37.75%,1.2,8.50%,13.75%,10.91%,1.0,3.34%,消服ETF(516600)
A股,950096,2016-05-10,上海国企,价值,,-22.42%,-32.55%,13.06%,28.90%,1.2e+01,57.44%,28.36%,0.86,6.95%,10.10%,7.17%,0.58,2.43%,"汇添富中证上海国企ETF联接A(003194), 中证上海国企ETF(510810)"
A股,931866,2022-05-08,中证机床,中盘成长,,-14.86%,-26.14%,13.25%,17.45%,4.2e+01,85.08%,21.94%,4.4,25.40%,15.44%,10.48%,0.25,0.70%,"国泰中证机床ETF发起联接A(017471), 国泰中证机床ETF发起联接C(017472), 华夏中证机床ETF(159663), 国泰中证机床ETF(159667)"
A股,000949,2009-10-27,中证农业,周期,,-40.38%,-48.31%,13.30%,67.73%,2e+01,4.43%,13.11%,2.5,0.70%,2.98%,12.50%,0.64,1.61%,"天弘中证农业主题A(010769), 天弘中证农业主题C(010770), 富国中证农业主题ETF联接A(015878), 华夏中证农业主题ETF发起式联接A(016077), 博时中证农业主题指数发起式A(017019), 华夏中证农业主题ETF(516810), 富国中证农业主题ETF(159825), 农业50(159827)"
A股,399330,2006-01-23,深证100,宽基,,-37.22%,-45.62%,13.38%,59.29%,2.1e+01,37.26%,30.24%,2.9,44.44%,35.80%,13.81%,0.64,1.49%,"宝盈祥瑞混合A(000639), 招商深证100指数C(004408), 易方达深证100ETF联接C(004742), 方正富邦深证100ETF联接A(006687), 方正富邦深证100ETF联接C(006688), 招商深证100ETF联接(008236), 招商深证100ETF联接C(008237), 广发深证100指数C(009472), 易方达深证100ETF联接A(110019), 融通深证100指数A/B(161604), 广发深证100指数（LOF）A(162714), 招商深证100指数A(217016), 建信深证100指数增强(530018), 深证100ETF华安(159706), 易方达深证100ETF(159901), 方正富邦深证100ETF(159961), 深100P(159969), 深100ETF工银(159970), 招商深证100ETF(159975), 国投瑞银深证100指数（LOF）(161227), 银华深证100指数(161812)"
A股,000037,2009-01-08,上证医药,成长,,-39.78%,-47.85%,13.40%,66.06%,3.4e+01,48.56%,37.73%,3.5,7.55%,19.86%,10.29%,0.3,1.12%,华夏医药ETF(510660)
A股,000978,2011-03-17,医药100,成长,,-39.44%,-47.63%,13.52%,65.13%,3e+01,13.59%,20.47%,3.7,5.87%,17.12%,12.33%,0.41,1.23%,"国联安中证医药100A(000059), 天弘中证医药100A(001550), 天弘中证医药100C(001551), 国联安中证医药100C(006569)"
A股,931476,2020-04-29,ESG 120策略,价值,,-31.74%,-41.26%,13.95%,46.50%,1e+01,48.75%,22.87%,1.2,37.42%,19.17%,12.00%,1.2,3.65%,"英大中证ESG120策略指数A(012854), 浦银安盛中证ESG 120策略ETF(516720)"
A股,399701,2010-05-09,深证F60,价值,,-35.19%,-44.23%,13.95%,54.30%,2.2e+01,80.01%,44.94%,2.2,51.11%,35.87%,10.00%,0.45,1.91%,"建信深证基本面60ETF联接C(006363), 建信深证基本面60ETF联接A(530015), 建信深证基本面60ETF(159916)"
A股,980030,2015-02-16,消费电子,成长,,-41.96%,-50.12%,14.06%,72.29%,5e+01,90.62%,62.72%,2.8,24.67%,12.97%,5.60%,0.11,0.79%,"东财消费电子指数增强A(012319), 东财消费电子指数增强C(012320), 华夏国证消费电子主题ETF(159732)"
A股,000043,2009-04-22,超大盘,价值,,-36.82%,-45.74%,14.12%,58.28%,9.4,24.10%,24.93%,1.3,23.89%,14.52%,13.83%,1.5,4.23%,"博时上证超大盘ETF联接(050013), 博时上证超大盘ETF(510020)"
A股,399310,2005-09-04,国证A50,宽基,,-37.92%,-46.69%,14.13%,61.08%,1.4e+01,80.43%,54.44%,1.8,71.36%,41.78%,12.86%,0.92,2.93%,"天弘国证A50指数A(010953), 天弘国证A50指数C(010954)"
A股,000016,2004-01-01,上证50,宽基,*,-35.44%,-44.70%,14.34%,54.89%,1e+01,50.62%,30.77%,1.2,48.07%,17.47%,12.00%,1.2,4.05%,"华夏上证50ETF联接A(001051), 博时上证50ETF联接A(001237), 天弘上证50A(001548), 天弘上证50C(001549), 易方达上证50增强C(004746), 华夏上证50ETF联接C(005733), 博时上证50ETF联接C(005737), 建信上证50ETF联接A(005880), 建信上证50ETF联接C(005881), 工银上证50ETF联接A(006220), 工银上证50ETF联接C(006221), 易方达上证50ETF联接发起式A(007379), 易方达上证50ETF联接发起式C(007380), 南方上证50指数增强发起A(008056), 南方上证50指数增强发起C(008057), 东财上证50A(008240), 东财上证50C(008241), 汇添富上证50基本面增强指数A(012157), 汇添富上证50基本面增强指数C(012158), 易方达上证50指数（LOF）C(012875), 建信上证50ETF发起联接E(013444), 华泰柏瑞上证50指数增强A(016697), 华安上证50ETF联接A(040190), 易方达上证50增强A(110003), 中海上证50指数增强(399001), 长盛上证50指数（LOF）(502040), 易方达上证50指数（LOF）A(502048), 华夏上证50ETF(510050), 易方达上证50ETF(510100), 申万菱信上证50交易型开放式指数发起式(510600), 万家上证50ETF(510680), 博时上证50ETF(510710), 建信上证50ETF(510800), 工银上证50ETF(510850)"
A股,931375,2019-11-24,300质量低波,价值,,-22.75%,-33.96%,14.51%,29.45%,1.4e+01,86.00%,52.85%,2.1,86.23%,62.27%,15.00%,1.1,3.39%,"鹏扬沪深300质量低波A(011132), 鹏扬沪深300质量低波C(011133)"
A股,399702,2010-05-09,深证F120,价值,,-31.38%,-41.40%,14.60%,45.73%,2.1e+01,58.91%,39.91%,2.1,30.95%,26.32%,10.00%,0.48,1.88%,"嘉实深证基本面120ETF联接C(005998), 嘉实深证基本面120ETF联接A(070023), 嘉实深证基本面120ETF(159910)"
A股,931403,2020-01-13,品牌工程,成长,,-30.13%,-40.53%,14.88%,43.12%,3e+01,8.08%,12.08%,5.0,7.48%,10.34%,16.67%,0.56,1.54%,"农银中证新华社民族品牌指数(012394), 富国中证新华社民族品牌工程ETF联接A(014406), 富国中证新华社民族品牌工程ETF联接C(014407), 富国中证新华社民族品牌工程ETF(561130)"
A股,399313,2005-02-02,巨潮100,宽基,,-34.19%,-44.25%,15.29%,51.95%,1.1e+01,41.44%,34.94%,1.3,27.70%,16.99%,11.82%,1.1,3.48%,"融通巨潮100指数C(004874), 融通巨潮100指数A/B(161607)"
A股,931395,2020-01-13,沪港深300,宽基,,-33.08%,-43.32%,15.30%,49.43%,1.1e+01,32.99%,20.94%,1.2,16.03%,15.57%,10.91%,1.0,3.57%,"国寿安保沪港深300ETF联接A(012663), 易方达中证沪港深300ETF(517030), 沪港深300ETF(517300)"
A股,931068,2018-11-20,消费龙头,成长,,-45.41%,-53.80%,15.37%,83.18%,2.5e+01,35.17%,36.85%,4.9,38.32%,29.87%,19.60%,0.79,2.39%,"华宝消费龙头C(009329), 招商中证消费龙头指数增强A(011853), 招商中证消费龙头指数增强C(011854), 消费龙头LOF(501090), 消费龙头ETF(516130)"
A股,H30597,2015-02-12,新材料,周期,,-40.75%,-49.90%,15.44%,68.78%,2e+01,6.96%,17.39%,3.7,33.89%,33.97%,18.50%,0.92,1.31%,"天弘中证新材料指数A(012561), 天弘中证新材料指数C(012562), 华宝中证新材料ETF发起式联接A(013473), 华宝中证新材料ETF发起式联接C(013474), 华夏中证新材料主题ETF发起式联接A(014431), 华夏中证新材料主题ETF发起式联接C(014432), 国泰中证新材料主题ETF发起联接A(014908), 国泰中证新材料主题ETF发起联接C(014909), 华宝新材料ETF(516360), 国联安新材料ETF(516480), 华夏中证新材料主题ETF(516710), 平安中证新材料主题ETF(516890), 新材料ETF(159703), 国泰中证新材料主题ETF(159761), 建信中证新材料主题ETF(159763)"
A股,980017,2015-02-16,国证芯片,成长,,-40.48%,-49.70%,15.49%,68.01%,5.9e+01,35.41%,48.53%,4.6,20.24%,21.55%,7.80%,0.13,0.19%,"华夏国证半导体芯片ETF联接A(008887), 华夏国证半导体芯片ETF联接C(008888), 广发国证半导体芯片ETF联接A(012629), 广发国证半导体芯片ETF联接C(012630), 鹏华国证半导体芯片ETF联接A(012969), 鹏华国证半导体芯片ETF联接C(012970), 半导体龙头ETF(159665), 广发国证半导体芯片ETF(159801), 芯片(159813), 华夏国证半导体芯片ETF(159995)"
A股,399417,2014-09-23,新能源车,成长,,-41.56%,-50.70%,15.64%,71.12%,2.2e+01,18.51%,34.00%,4.2,58.22%,60.21%,19.09%,0.87,0.87%,"国泰国证新能源汽车指数（LOF）C(014997), 国泰国证新能源汽车指数（LOF）A(160225)"
A股,000991,2011-08-01,全指医药,成长,,-37.84%,-47.59%,15.69%,60.88%,3e+01,14.94%,21.52%,3.7,17.04%,25.68%,12.33%,0.41,1.22%,"广发医药卫生联接A(001180), 广发医药卫生联接C(002978), 银华中证全指医药卫生指数增强发起式(005112), 广发中证全指医药卫生ETF(159938)"
A股,930614,2015-04-06,环保50,成长,,-38.62%,-48.28%,15.74%,62.92%,1.8e+01,3.56%,12.32%,3.1,54.76%,38.60%,17.22%,0.95,1.78%,"国泰中证环保产业50ETF联接A(012503), 国泰中证环保产业50ETF联接C(012504), 国泰中证环保产业50ETF(159861)"
A股,000859,2019-05-15,国企一带一路,价值,,-15.78%,-29.14%,15.86%,18.74%,1.3e+01,31.79%,21.94%,1.8,76.56%,35.25%,13.85%,1.1,3.28%,"富国中证国企一带一路ETF联接A(007786), 富国中证国企一带一路ETF联接C(007787), 易方达中证国企一带一路ETF联接发起式A(007788), 易方达中证国企一带一路ETF联接发起式C(007789), 添富中证国企一带一路ETF联接A(008907), 添富中证国企一带一路ETF联接C(008908), 易方达中证国企一带一路ETF(515110), 富国中证国企一带一路ETF(515150), 添富中证国企一带一路ETF(515990)"
A股,950090,2015-12-09,50AH优选,价值,,-34.26%,-44.73%,15.93%,52.11%,8.4,39.35%,25.20%,1.0,38.26%,18.79%,11.90%,1.4,4.13%,华夏上证50AH优选指数（LOF）A(501050)
港股,HSSI,2001-10-02,恒生综合小型股指数,,,-49.19%,-57.32%,16.00%,96.81%,2.4e+01,93.38%,69.89%,0.74,7.19%,21.20%,3.08%,0.13,2.93%,"易方达香港恒生综合小型股指数（QDII-LOF）C(006263), 易方达香港恒生综合小型股指数（QDII-LOF）A(161124)"
港股,HSHKBIO,2019-11-30,恒生香港上市生物科技指数,成长,,-60.96%,-67.23%,16.06%,156.15%,8.3e+01,26.41%,55.81%,2.6,15.38%,24.22%,3.13%,0.038,1.08%,华夏恒生香港上市生物科技ETF（QDII）(159892)
A股,000860,2018-03-25,结构调整,价值,,-8.93%,-23.86%,16.39%,9.81%,1.3e+01,30.24%,25.26%,1.4,57.56%,20.53%,10.77%,0.85,3.66%,"华夏中证央企ETF联接A(006196), 华夏中证央企ETF联接C(006197), 博时央调ETF联接A(006438), 博时央调ETF联接C(006439), 华夏中证央企ETF(512950), 博时央企结构调整ETF(512960), 央企ETF(159959)"
A股,931494,2020-06-11,消费电子,成长,,-36.32%,-46.80%,16.46%,57.04%,3.8e+01,62.19%,46.44%,3.2,31.23%,19.99%,8.42%,0.22,0.83%,"国泰中证消费电子主题ETF发起联接A(014906), 国泰中证消费电子主题ETF发起联接C(014907), 富国中证消费电子主题ETF发起式联接A(015876), 平安中证消费电子主题ETF发起式联接A(015894), 招商中证消费电子主题ETF联接A(016007), 富国中证消费电子主题ETF(561100), 国泰中证消费电子主题ETF(561310), 平安中证消费电子主题ETF(561600), 易方达中证消费电子主题ETF(562950), 景顺长城中证消费电子ETF(159733), 消费电子龙头ETF(159769), 招商中证消费电子主题ETF(159779)"
A股,931587,2020-11-08,500价值稳健,中盘价值,,-8.80%,-23.85%,16.50%,9.65%,1.5e+01,87.99%,36.51%,1.1,60.03%,21.95%,7.33%,0.48,2.96%,华夏中证智选500价值稳健策略ETF(159617)
A股,930820,2016-05-10,CS高端制,成长,,-30.33%,-41.88%,16.58%,43.53%,3.1e+01,22.70%,29.76%,3.2,37.52%,34.69%,10.32%,0.34,1.05%,富国中证高端制造指数增强型（LOF）A(161037)
A股,H30455,2014-11-27,沪港深500,宽基,,-32.19%,-43.46%,16.62%,47.47%,1.1e+01,27.60%,19.61%,1.2,7.84%,15.68%,10.91%,1.0,3.59%,"富国中证沪港深500ETF联接A(012275), 富国中证沪港深500ETF联接C(012276), 华夏中证沪港深500ETF发起式联接A(017557), 沪港深(517000), 易方达中证沪港深500ETF(517010), 汇添富中证沪港深500ETF(517080), 富国中证沪港深500ETF(517100), 华夏中证沪港深500ETF(517170)"
港股,HSCAIT,2009-09-20,恒生A股行业龙头指数,平衡,,-32.95%,-44.32%,16.96%,49.14%,1e+01,58.23%,36.33%,1.2,42.30%,17.16%,12.00%,1.2,4.03%,"汇丰晋信恒生龙头指数C(001149), 汇丰晋信恒生龙头指数A(540012)"
A股,930740,2018-12-03,300红利LV,价值,,-6.78%,-22.67%,17.05%,7.27%,7.3,54.82%,25.66%,0.79,31.00%,22.00%,10.82%,1.5,4.84%,"嘉实沪深300红利低波动ETF联接A(007605), 嘉实沪深300红利低波动ETF联接C(007606), 嘉实沪深300红利低波动ETF(515300)"
A股,931139,2019-03-19,CS消费50,成长,,-44.14%,-53.70%,17.11%,79.02%,2.4e+01,20.37%,17.84%,5.2,11.83%,18.38%,21.67%,0.89,2.38%,"富国中证消费50ETF联接A(008975), 富国中证消费50ETF联接C(008976), 东兴中证消费50A(009116), 东兴中证消费50C(009117), 富国中证消费50ETF(515650), 易方达中证消费50ETF(159798)"
A股,931663,2015-03-12,SHS消费龙头,成长,,-45.18%,-54.63%,17.24%,82.42%,2.6e+01,22.69%,27.89%,5.1,62.87%,47.69%,19.62%,0.77,2.30%,"汇添富中证沪港深消费龙头指数发起A(013129), 汇添富中证沪港深消费龙头指数发起C(013130), 招商中证沪港深消费龙头ETF(517550), 浦银安盛中证沪港深消费龙头ETF(517760)"
A股,930653,2015-06-04,CS食品饮,成长,,-34.29%,-45.66%,17.30%,52.18%,3.2e+01,46.62%,35.10%,6.0,48.31%,42.61%,18.75%,0.58,2.06%,"天弘中证食品饮料ETF联接A(001631), 东财食品饮料指数增强A(012340), 东财食品饮料指数增强C(012341), 饮食ETF(159736)"
A股,399812,2014-06-05,养老产业,成长,,-37.47%,-48.33%,17.37%,59.92%,2.1e+01,28.65%,16.94%,2.2,3.23%,8.48%,10.48%,0.51,2.04%,"广发养老指数A(000968), 广发养老指数C(002982), 华宝养老ETF(516560)"
A股,931521,2020-07-07,高装细分50,成长,,-31.06%,-43.11%,17.48%,45.05%,4.9e+01,17.11%,21.16%,3.6,4.93%,5.88%,7.35%,0.15,0.56%,"嘉实中证高端装备细分50ETF发起联接A(018027), 嘉实中证高端装备细分50ETF(159638)"
港股,HSHCI,2015-08-16,恒生医疗保健指数,成长,,-60.77%,-67.64%,17.51%,154.91%,1.5e+02,81.43%,89.12%,2.5,29.30%,22.11%,1.67%,0.011,1.09%,博时恒生医疗保健（QDII-ETF）(513060)
A股,000688,2020-07-22,科创50,成长,,-35.12%,-46.51%,17.56%,54.13%,4.4e+01,34.23%,19.31%,4.7,26.99%,14.25%,10.68%,0.24,0.66%,"易方达上证科创板50联接A(011608), 易方达上证科创板50联接C(011609), 科创板ETF联接A(011610), 科创板ETF联接C(011611), 华夏上证科创板50成份ETF联接A(011612), 华夏上证科创板50成份ETF联接C(011613), 工银科创ETF联接A(011614), 工银科创ETF联接C(011615), 广发科创50ETF发起式联接A(013810), 广发科创50ETF发起式联接C(013811), 国联安上证科创50ETF联接A(013893), 嘉实上证科创板50指数增强发起式A(017188), 华夏上证科创板50成份ETF(588000), 科创ETF(588050), 广发科创50ETF (588060), 易方达上证科创板50ETF(588080), 科创板ETF(588090), 南方上证科创板50成份ETF(588150), 国联安科创ETF(588180), 华安上证科创板50ETF(588280), 南方上证科创板50成份增强策略ETF(588370), 科创50增强ETF(588460)"
A股,H30015,2012-12-20,800汽车,成长,,-28.51%,-41.31%,17.90%,39.88%,2.7e+01,71.27%,56.95%,2.2,52.93%,39.92%,8.15%,0.31,1.32%,"国泰中证800汽车与零部件ETF发起联接A(012973), 国泰中证800汽车与零部件ETF发起联接C(012974), 国泰中证800汽车与零部件ETF(516110)"
A股,H30089,2013-07-01,红利潜力,价值,,-25.92%,-39.18%,17.90%,34.99%,1.7e+01,34.43%,41.98%,2.7,82.35%,54.23%,15.88%,0.96,3.49%,"建信中证红利潜力指数A(007671), 建信中证红利潜力指数C(007672), 山西证券中证红利潜力ETF联接  (008149), 山西证券中证红利潜力ETF(515570)"
A股,399976,2014-11-27,CS新能车,成长,,-42.55%,-52.93%,18.07%,74.06%,2e+01,6.15%,23.26%,4.3,46.30%,51.18%,21.50%,1.1,0.93%,"国泰中证新能源汽车ETF联接A(009067), 国泰中证新能源汽车ETF联接C(009068), 东财中证新能源车ETF发起式联接A(010805), 东财中证新能源车ETF发起式联接C(010806), 天弘中证新能源车A(011512), 天弘中证新能源车C(011513), 嘉实中证新能源汽车指数A(012543), 嘉实中证新能源汽车指数C(012544), 华夏中证新能源汽车ETF发起式联接A(013013), 华夏中证新能源汽车ETF发起式联接C(013014), 富国中证新能源汽车指数C(013048), 招商中证新能源汽车指数A(013195), 招商中证新能源汽车指数C(013196), 华安中证新能源汽车ETF发起式联接A(013319), 华安中证新能源汽车ETF发起式联接C(013320), 华夏中证新能源汽车ETF(515030), 华安中证新能源汽车ETF(516660), 新能源车龙头ETF(159637), 国泰中证新能源汽车ETF(159806), 博时新能源汽车ETF(159824), 富国中证新能源汽车指数A(161028)"
A股,399989,2014-10-30,中证医疗,成长,,-54.03%,-62.40%,18.21%,117.53%,3.1e+01,12.71%,26.06%,4.9,6.81%,14.36%,15.81%,0.51,1.25%,"广发中证医疗指数C(009881), 华宝医疗ETF联接C(012323), 国泰中证医疗ETF联接A(012634), 国泰中证医疗ETF联接C(012635), 嘉实中证医疗指数发起式A(014602), 嘉实中证医疗指数发起式C(014603), 易方达中证医疗ETF联接发起式A(017937), 广发中证医疗指数（LOF）A(502056), 华宝中证医疗ETF(512170), 国泰中证医疗ETF(159828), 易方达中证医疗ETF(159847), 华宝医疗ETF联接A(162412)"
A股,931524,2020-07-15,SHS科技龙头,成长,,-44.31%,-54.53%,18.35%,79.57%,2.7e+01,39.51%,28.51%,3.8,36.81%,26.55%,14.07%,0.53,0.71%,"天弘中证沪港深科技龙头指数A(012559), 天弘中证沪港深科技龙头指数C(012560), 鹏华中证沪港深科技龙头指数(LOF)C(012809), 汇添富中证沪港深科技龙头指数发起式A(013093), 汇添富中证沪港深科技龙头指数发起式C(013094), 广发中证沪港深科技龙头ETF联接A(013162), 广发中证沪港深科技龙头ETF联接C(013163), 宝盈中证沪港深科技龙头指数发起式A(015820), 鹏华中证沪港深科技龙头指数(LOF)A(160646), 浦银安盛中证沪港深科技龙头ETF (517270), 广发中证沪港深科技龙头ETF(517350), 汇添富中证沪港深科技龙头ETF(159723)"
A股,399986,2013-07-14,中证银行,价值,,-22.86%,-37.08%,18.43%,29.63%,4.9,17.41%,16.25%,0.56,7.35%,13.28%,11.43%,2.3,5.76%,"天弘中证银行ETF联接A(001594), 天弘中证银行ETF联接C(001595), 南方中证银行ETF发起联接A(004597), 南方中证银行ETF发起联接C(004598), 华宝银行ETF联接C(006697), 添富中证银行ETF联接A(007153), 添富中证银行ETF联接C(007154), 华夏中证银行ETF联接A(008298), 华夏中证银行ETF联接C(008299), 易方达中证银行指数（LOF）C(009860), 东财中证银行指数A(011971), 东财中证银行指数C(011972), 鹏华银行C(012042), 南方中证银行ETF发起联接E(012547), 富国中证银行指数C(013330), 招商中证银行指数C(014028), 华安中证银行指数A(160418), 博时中证银行指数(160517), 招商中证银行指数A(161723), 华宝银行ETF联接A(240019), 南方中证银行ETF(512700), 银行FUND(512730), 华宝中证银行ETF(512800), 中证银行ETF(512820), 华夏中证银行ETF(515020), 富国中证银行ETF(515280), 银行(515290), 华安中证银行ETF(516210), 易方达中证银行ETF(516310), 鹏华银行A(160631), 富国中证银行指数A(161029), 易方达中证银行指数（LOF）A(161121)"
A股,931159,2019-05-15,创新100,成长,,-24.12%,-38.20%,18.56%,31.79%,3.8e+01,46.08%,21.14%,4.2,22.13%,19.11%,11.05%,0.29,0.96%,"诺德研发创新100(007737), 申万菱信中证研发创新100交易型开放式指数联接A(007983), 申万菱信中证研发创新100交易型开放式指数联接C(007984), 申万菱信中证研发创新100交易型开放式指数(515200), 创新ETF(159987)"
A股,930997,2017-07-18,新能源车,成长,,-42.15%,-53.06%,18.86%,72.86%,2.1e+01,19.35%,32.63%,4.2,49.48%,57.97%,20.00%,0.96,0.91%,"平安中证新能源汽车ETF发起联接A(012698), 平安中证新能源汽车ETF发起联接C(012699), 汇添富中证新能源汽车产业指数(LOF）A(501057), 汇添富中证新能源汽车产业指数（LOF）C(501058), 平安中证新能源汽车产业ETF(515700), 汇添富中证新能源汽车产业ETF(516390)"
A股,000807,2012-02-16,食品饮料,成长,,-35.49%,-47.72%,18.96%,55.01%,3.1e+01,56.28%,51.67%,7.0,63.63%,56.62%,22.58%,0.72,2.15%,"天弘中证食品饮料ETF联接C(001632), 华安中证申万食品饮料ETF(516900)"
A股,H30035,2012-12-20,300非银,价值,,-36.18%,-48.29%,18.98%,56.69%,1.4e+01,27.02%,25.12%,1.3,7.91%,16.13%,9.29%,0.65,2.38%,"易方达沪深300非银联接A(000950), 易方达沪深300非银联接C(007882), 易方达沪深300非银ETF(512070)"
A股,399324,2006-01-23,深证红利,成长,,-41.24%,-52.50%,19.16%,70.18%,1.9e+01,84.69%,40.33%,1.7,6.11%,11.97%,8.95%,0.48,2.75%,"工银深证红利ETF联接C(006724), 工银深证红利ETF联接A(481012), 红利ETF(159708), 深红利ETF(159905)"
A股,000815,2012-04-10,细分食品,成长,,-34.09%,-46.74%,19.19%,51.72%,3.1e+01,50.04%,53.75%,6.9,63.22%,58.25%,22.26%,0.72,2.12%,"华宝食品ETF联接A(012548), 华宝食品ETF联接C(012549), 华泰紫金中证细分食品饮料主题指数发起A(012763), 华泰紫金中证细分食品饮料主题指数发起C(012764), 华夏中证细分食品饮料产业主题ETF发起式联接A(013125), 华夏中证细分食品饮料产业主题ETF发起式联接C(013126), 华夏中证细分食品饮料产业主题ETF(515170), 食品ETF(515710), 食品ETF(159862)"
A股,399396,2012-10-28,国证食品,成长,,-35.42%,-47.87%,19.28%,54.85%,3.2e+01,60.48%,50.98%,6.4,58.51%,53.69%,20.00%,0.63,2.12%,"国泰国证食品饮料行业指数C(015040), 招商国证食品饮料ETF(159843), 国泰国证食品饮料行业指数A(160222)"
A股,930606,2015-03-30,中证钢铁,周期,,-47.66%,-57.77%,19.32%,91.06%,4.9e+01,74.65%,87.85%,0.91,5.10%,9.37%,1.86%,0.038,2.50%,"国泰中证钢铁ETF联接A(008189), 国泰中证钢铁ETF联接C(008190), 财通资管中证钢铁指数发起式A(013802), 财通资管中证钢铁指数发起式C(013803), 国泰中证钢铁ETF(515213), 国泰中证钢铁ETF(515210)"
A股,931187,2019-05-29,科技100,成长,,-17.31%,-33.43%,19.49%,20.93%,2.4e+01,29.17%,21.30%,3.9,57.52%,39.35%,16.25%,0.68,1.30%,"华泰柏瑞中证科技100ETF联接A(008399), 华泰柏瑞中证科技100ETF联接C(008400), 天弘中证科技100指数增强A(010202), 天弘中证科技100指数增强C(010203), 华泰柏瑞中证科技100ETF(515580), 南方中证科技100ETF(159853)"
A股,000934,2009-07-02,中证金融,价值,,-29.95%,-43.67%,19.59%,42.76%,6.8,23.56%,16.51%,0.71,7.68%,14.31%,10.44%,1.5,4.34%,"嘉实中证金融地产ETF联接A(001539), 嘉实中证金融地产ETF联接C(005999), 长盛中证金融地产指数（LOF）(160814), 嘉实中证金融地产ETF(512640), 汇添富中证金融地产ETF(159931)"
A股,000992,2011-08-01,全指金融,价值,,-29.87%,-43.61%,19.59%,42.59%,7.0,25.29%,19.36%,0.72,6.65%,13.73%,10.29%,1.5,4.28%,"广发金融地产联接A(001469), 广发金融地产联接C(002979), 广发中证全指金融地产ETF(159940)"
A股,000941,2009-10-27,新能源,成长,,-44.56%,-55.65%,20.00%,80.38%,1.4e+01,0.16%,6.02%,3.3,65.35%,45.17%,23.57%,1.7,1.69%,"华安中证内地新能源主题ETF发起式联接A(014303), 华安中证内地新能源主题ETF发起式联接C(014304), 申万菱信中证内地新能源主题ETF发起式联接A(016225), 华安中证内地新能源主题ETF(516270), 申万菱信中证内地新能源主题ETF(159752)"
A股,931588,2020-11-08,1000价值稳健,价值,,-4.04%,-23.32%,20.09%,4.21%,1.7e+01,9.05%,8.43%,1.4,11.18%,4.65%,8.24%,0.47,2.58%,华夏中证智选1000价值稳健策略ETF(562530)
A股,931865,2019-03-19,中证半导,成长,,-13.02%,-30.50%,20.10%,14.97%,5.2e+01,92.34%,36.89%,4.9,54.44%,16.44%,9.42%,0.18,0.20%,"嘉实中证半导体指数增强发起式A(014854), 嘉实中证半导体指数增强发起式C(014855)"
港股,HSMSI,2015-06-07,恒生综合中小型股指数,价值,,-43.47%,-54.88%,20.18%,76.90%,1.3e+01,64.24%,44.98%,0.78,8.65%,21.14%,6.00%,0.46,3.39%,大成恒生综合中小型股指数(160922)
A股,930965,2017-06-22,HKC医药C,成长,,-58.95%,-67.25%,20.22%,143.61%,6.5e+01,63.50%,72.13%,2.1,9.93%,23.27%,3.23%,0.049,1.10%,"易方达中证港股通医药卫生综合ETF(513200), 香港医药(513700), 平安中证港股医药ETF(159718), 港股通医药ETF(159776)"
A股,399808,2015-02-09,中证新能,成长,,-42.81%,-54.47%,20.39%,74.86%,1.6e+01,0.30%,5.77%,3.1,38.72%,43.10%,19.38%,1.2,1.49%,"天弘中证新能源指数增强A(012328), 南方中证新能源ETF联接A(012831), 南方中证新能源ETF联接C(012832), 东财中证新能源指数增强A(014237), 东财中证新能源指数增强C(014238), 华夏中证新能源ETF发起式联接A(017571), 易方达中证新能源ETF(516090), 南方中证新能源ETF(516160), 博时新能源ETF(516580), 华夏中证新能源ETF(516850), 嘉实中证新能源ETF(159875)"
A股,990001,2019-03-17,中华半导体芯片,成长,,-38.64%,-51.17%,20.42%,62.97%,6.6e+01,38.53%,50.10%,4.8,29.14%,22.31%,7.27%,0.11,0.20%,"国泰CES半导体芯片行业ETF联接A(008281), 国泰CES半导体芯片行业ETF联接C(008282), 华安CES半导体芯片行业指数发起A(012837), 华安CES半导体芯片行业指数发起C(012838), 西部利得CES芯片指数增强A(014418), 西部利得CES芯片指数增强C(014419), 国泰CES半导体芯片行业ETF(512760)"
A股,000861,2019-05-15,央企创新,价值,,-5.30%,-24.64%,20.42%,5.60%,1.2e+01,25.86%,15.48%,1.3,88.73%,21.91%,10.83%,0.89,3.90%,"广发央企创新驱动ETF联接A(007784), 广发央企创新驱动ETF联接C(007785), 嘉实央企创新驱动ETF联接A(007792), 嘉实央企创新驱动ETF联接C(007793), 博时央创ETF联接A(007796), 博时央创ETF联接C(007797), 富国中证央企创新驱动ETF联接A(007809), 富国中证央企创新驱动ETF联接C(007810), 广发中证央企创新驱动ETF(515600), 嘉实央企创新驱动ETF(515680), 博时央企创新ETF(515900), 富国中证央企创新驱动ETF(159974)"
A股,000685,2022-06-12,科创芯片,成长,,-13.56%,-31.25%,20.47%,15.69%,8.5e+01,94.76%,50.50%,5.4,88.71%,32.47%,6.35%,0.075,0.14%,"嘉实上证科创板芯片ETF发起联接A(017469), 嘉实上证科创板芯片ETF发起联接C(017470), 华安上证科创板芯片ETF发起式联接A(017559), 华安上证科创板芯片ETF发起式联接C(017560), 嘉实上证科创板芯片ETF(588200), 华安上证科创板芯片ETF(588290)"
A股,931461,2009-07-21,电子50,成长,,-35.16%,-48.50%,20.57%,54.23%,3.8e+01,35.96%,46.82%,3.6,30.38%,28.54%,9.47%,0.25,0.84%,"华宝电子ETF联接A(012550), 华宝电子ETF联接C(012551), 华安中证电子50ETF发起式联接A(014632), 电子ETF(515260), 华安中证电子50ETF(515320)"
A股,399550,2012-06-05,央视50,价值,,-26.60%,-41.83%,20.75%,36.24%,8.3,36.52%,27.82%,1.0,3.36%,13.91%,12.05%,1.4,4.45%,"招商央视财经50指数C(004410), 中融央视财经50ETF联接A(006743), 中融央视财经50ETF联接C(006744), 建信央视财经50指数(165312), 招商央视财经50指数A(217027), 央视50(159965)"
A股,399997,2015-01-20,中证白酒,成长,,-29.84%,-44.59%,21.02%,42.53%,3.1e+01,51.76%,46.65%,7.9,56.46%,57.46%,25.48%,0.82,2.24%,"招商中证白酒指数C(012414), 招商中证白酒指数A(161725)"
A股,931582,2020-11-08,数字经济,成长,,-37.60%,-50.73%,21.04%,60.26%,5.3e+01,81.04%,34.03%,5.6,35.07%,13.06%,10.57%,0.2,0.44%,"鹏扬中证数字经济主题ETF发起式联接A(015787), 鹏扬中证数字经济主题ETF(560800), 华安中证数字经济主题ETF(159658)"
A股,399348,2009-11-03,深证价值,价值,,-29.95%,-44.89%,21.33%,42.76%,1.5e+01,51.58%,32.65%,1.6,27.62%,22.41%,10.67%,0.72,2.61%,"交银深证300价值ETF联接(519706), 交银深证300价值ETF(159913)"
港股,HSMI,2001-10-02,恒生综合中型股指数,,,-41.54%,-54.09%,21.47%,71.06%,1.2e+01,51.73%,37.86%,0.8,6.86%,21.13%,6.67%,0.58,3.52%,"广发恒生中型股指数C(004996), 广发恒生中型股指数（LOF）A(501303)"
港股,HSHK35,2003-01-19,恒生香港35,价值,,-28.79%,-44.11%,21.51%,40.43%,1.4e+01,57.04%,39.89%,0.99,10.52%,18.94%,7.07%,0.51,3.55%,华宝港股通恒生香港35指数(162416)
A股,930697,2015-07-06,家用电器,成长,,-26.73%,-42.54%,21.58%,36.48%,1.7e+01,30.06%,27.95%,2.9,14.90%,18.10%,17.06%,1.0,2.99%,"广发中证全指家用电器ETF联接A(005063), 广发中证全指家用电器ETF联接C(005064), 国泰中证全指家用电器ETF联接A(008713), 国泰中证全指家用电器ETF联接C(008714), 富国中证全指家用电器ETF发起式联接A(017226), 广发中证全指家用电器ETF(560880), 家电ETF(家电ETF)(561120), 国泰中证全指家用电器ETF(159996)"
A股,000914,2007-07-01,300金融,价值,,-28.74%,-44.19%,21.68%,40.33%,6.5,22.87%,18.35%,0.7,7.22%,14.64%,10.77%,1.7,4.56%,"国投金融地产ETF联接(161211), 国投瑞银金融地产ETF(159933)"
A股,399412,2014-05-15,国证新能,成长,,-38.57%,-51.93%,21.75%,62.79%,2e+01,18.20%,32.67%,3.5,68.02%,53.40%,17.50%,0.86,1.19%,"交银国证新能源指数（LOF）C(013453), 交银国证新能源指数（LOF）A(164905)"
A股,000977,2011-01-20,内地低碳,成长,,-38.26%,-51.71%,21.78%,61.97%,1.8e+01,0.70%,5.10%,3.1,61.78%,37.94%,17.22%,0.95,1.78%,"鹏华中证内地低碳经济主题ETF联接A(012754), 鹏华中证内地低碳经济主题ETF联接C(012755), 易方达中证内地低碳经济主题ETF联接A(013502), 华夏中证内地低碳经济主题ETF发起式联接A(013605), 华夏中证内地低碳经济主题ETF发起式联接C(013606), 易方达中证内地低碳经济主题ETF(516070), 碳中和TK(560560), 低碳ETF(562300), 华夏中证内地低碳经济主题ETF(159790), 低碳ETF(159885)"
A股,000300,2005-04-07,沪深300,宽基,,-31.76%,-46.70%,21.89%,46.54%,1.2e+01,39.37%,33.33%,1.4,20.36%,14.27%,11.67%,0.97,3.10%,"华夏沪深300ETF联接A(000051), 华泰柏瑞量化增强混合A(000172), 嘉实沪深300指数研究增强A(000176), 景顺长城沪深300指数增强A(000311), 华安沪深300增强A(000312), 华安沪深300增强C(000313), 国泰沪深300指数增强A(000512), 国寿安保沪深300ETF联接(000613), 前海开源沪深300指数A(000656), 天弘沪深300ETF联接A(000961), 华夏沪深300指数增强A(001015), 华夏沪深300指数增强C(001016), 国泰沪深300指数增强C(002063), 创金合信沪深300增强A(002310), 创金合信沪深300增强C(002315), 博时沪深300指数C(002385), 万家沪深300指数增强A(002670), 万家沪深300指数增强C(002671), 广发沪深300ETF联接C(002987), 中金沪深300A(003015), 前海联合沪深300(003475), 泰达宏利沪深300C(003548), 中金沪深300C(003579), 华宝沪深300增强A(003876), 汇安沪深300增强A(003884), 汇安沪深300增强C(003885), 安信量化沪深300增强A(003957), 安信量化沪深300增强C(003958), 招商沪深300指数增强A(004190), 招商沪深300指数增强C(004191), 南方沪深300ETF联接C(004342), 海富通沪深300增强C(004512), 海富通沪深300增强A(004513), 富荣沪深300指数增强A(004788), 富荣沪深300指数增强C(004789), 工银沪深300ETF联接A(005102), 工银沪深300ETF联接C(005103), 平安沪深300指数量化增强A(005113), 平安沪深300指数量化增强C(005114), 长信沪深300指数A(005137), 农银沪深300指数C(005152), 新华沪深300指数增强A(005248), 汇添富沪深300指数增强A(005530), 平安300ETF联接A(005639), 平安300ETF联接C(005640), 华夏沪深300ETF联接C(005658), 财通沪深300指数增强(005850), 国泰沪深300指数C(005867), 鹏华沪深300指数增强A(005870), 天弘沪深300ETF联接C(005918), 广发沪深300指数增强A(006020), 广发沪深300指数增强C(006021), 华泰柏瑞沪深300ETF联接C(006131), 人保沪深300(006600), 长城久泰沪深300指数C(006912), 工银沪深300指数C(006937), 鹏华沪深300指数C类(LOF)(006939), 前海联合沪深300C(007039), 博道沪深300增强A(007044), 博道沪深300增强C(007045), 大成沪深300指数C(007096), 国投瑞银沪深300指数量化增强A(007143), 国投瑞银沪深300指数量化增强C(007144), 兴全沪深300指数C(007230), 银河沪深300指数增强A(007275), 银河沪深300指数增强C(007276), 易方达沪深300ETF发起式联接C(007339), 华宝沪深300增强C(007404), 长信沪深300指数C(007448), 永赢沪深300A(007538), 永赢沪深300C(007539), 申万菱信沪深300指数增强C(007804), 新华沪深300指数增强C(008184), 中泰沪深300指数增强A(008238), 中泰沪深300指数增强C(008239), 民生加银沪深300ETF联接A(008291), 民生加银沪深300ETF联接C(008292), 国联安沪深300ETF联接A(008390), 国联安沪深300ETF联接C(008391), 天弘沪深300指数增强A(008592), 天弘沪深300指数增强C(008593), 华安沪深300ETF联接A(008776), 华安沪深300ETF联接C(008777), 泰康沪深300ETF联接A(008926), 泰康沪深300ETF联接C(008927), 南方沪深300指数增强A(009059), 南方沪深300指数增强C(009060), 建信沪深300指数增强C(009208), 华泰柏瑞量化增强混合C(010234), 诺安沪深300增强C(010352), 汇添富沪深300指数增强C(010556), 易方达沪深300精选增强A(010736), 易方达沪深300精选增强C(010737), 汇添富沪深300基本面增强指数型证券投资基金A(010854), 汇添富沪深300基本面增强指数型证券投资基金C(010855), 博时沪深300指数增强A(010872), 博时沪深300指数增强C(010873), 大成沪深300增强发起式A(010908), 大成沪深300增强发起式C(010909), 长江沪深300指数增强A(011545), 长江沪深300指数增强C(011546), 中泰沪深300量化优选增强A(012206), 中泰沪深300量化优选增强C(012207), 同泰沪深300量化增强A(012911), 同泰沪深300量化增强C(012912), 中信保诚沪深300指数（LOF）C(013120), 富国沪深300指数增强C(013291), 浙商沪深300指数增强(LOF)C(014372), 中信建投沪深300指数增强A(015061), 东财沪深300指数发起式A(015278), 中欧沪深300指数增强A(015387), 兴业沪深300ETF发起式联接A(015906), 申万菱信沪深300优选指数增强发起式A(016103), 东方沪深300指数增强A(016204), 华泰紫金沪深300指数增强发起A(016867), 摩根沪深300指数增强发起式A(017445), 国泰沪深300指数A(020011), 博时沪深300指数A(050002), 富国沪深300指数增强A/B(100038), 易方达沪深300ETF发起式联接A(110020), 易方达沪深300量化增强(110030), 嘉实沪深300ETF联接(LOF)C(160724), 泰达宏利沪深300A(162213), 建信沪深300指数增强（LOF）A(165310), 东吴沪深300指数A(165806), 浙商沪深300指数增强(LOF)A(166802), 国金300指数增强A(167601), 长城久泰沪深300指数A(200002), 南方沪深300ETF联接A(202015), 广发沪深300ETF联接A(270010), 申万菱信沪深300指数增强(310318), 诺安沪深300增强A(320014), 国富沪深300指数增强(450008), 华泰柏瑞沪深300ETF联接A(460300), 工银沪深300指数A(481009), 浦银安盛沪深300指数增强(519116), 大成沪深300指数A(519300), 农银沪深300指数A(660008), 西部利得沪深300指数A(673100), 西部利得沪深300指数C(673101), 汇添富沪深300指数（LOF）A(501043), 汇添富沪深300指数（LOF）C(501045), 华泰柏瑞沪深300ETF(510300), 易方达沪深300ETF发起式(510310), 华夏沪深300ETF(510330), 工银沪深300ETF(510350), 广发沪深300ETF(510360), 兴业沪深300ETF(510370), 国寿安保沪深300ETF(510380), 平安沪深300ETF(510390), 博时沪深300ETF(515130), 添富沪深300ETF(515310), 天弘300(515330), 民生加银沪深300ETF(515350), 方正富邦沪深300ETF(515360), 泰康300(515380), 华安沪深300ETF(515390), 国联安沪深300ETF(515660), 永赢沪深300ETF(515930), 华安沪深300增强策略ETF(561000), 国泰沪深300增强策略ETF(561300), 招商沪深300增强策略ETF(561990), 嘉实沪深300ETF(159919), 南方沪深300ETF(159925), 鹏华沪深300指数A类(LOF)(160615), 嘉实沪深300ETF联接(LOF)A(160706), 长盛沪深300指数（LOF）(160807), 银华沪深300指数(161811), 兴全沪深300指数（LOF）A(163407), 建信沪深300指数（LOF）(165309), 中信保诚沪深300指数（LOF）A(165515)"
A股,931165,2019-04-24,新兴科技100,成长,,-29.55%,-45.20%,22.21%,41.94%,2.8e+01,35.19%,39.40%,4.8,30.72%,21.96%,17.14%,0.61,1.04%,"嘉实新兴科技100ETF联接A(007815), 嘉实新兴科技100ETF联接C(007816), 嘉实新兴科技100ETF(515860)"
A股,931052,2017-12-07,国信价值,价值,,-12.36%,-31.89%,22.28%,14.10%,5.9,4.03%,9.39%,0.92,24.78%,20.49%,15.59%,2.6,6.46%,"富国中证价值ETF联接A(006748), 富国中证价值ETF联接C(007191), 富国中证价值ETF(512040)"
A股,H30007,2012-12-19,芯片产业,成长,,-36.41%,-50.68%,22.44%,57.26%,7e+01,72.05%,65.34%,4.9,63.73%,60.33%,7.00%,0.1,0.18%,"天弘中证芯片指数A(012552), 天弘中证芯片指数C(012553), 东财中证芯片指数发起式A(013445), 东财中证芯片指数发起式C(013446), 汇添富中证芯片产业指数增强发起式A(014193), 汇添富中证芯片产业指数增强发起式C(014194), 富国中证芯片产业ETF发起式联接A(014776), 富国中证芯片产业ETF发起式联接C(014777), 嘉实中证芯片产业指数发起式A(015336), 易方达中证芯片产业ETF(516350), 富国中证芯片产业ETF(516640), 汇添富中证芯片产业ETF(516920)"
A股,000969,2010-05-27,300非周,成长,,-36.63%,-50.97%,22.63%,57.80%,2.2e+01,46.26%,37.59%,2.8,44.17%,35.30%,12.73%,0.57,1.85%,长安沪深300非周期指数A(740101)
港股,HSSCHKY,2019-10-31,恒生港股通高股息率指数,价值,,-44.06%,-56.74%,22.67%,78.76%,5.3,40.92%,25.68%,0.52,25.00%,18.43%,9.81%,1.9,7.59%,"博时恒生高股息ETF发起式联接A(014519), 博时恒生高股息ETF发起式联接C(014520), 博时恒生高股息ETF(513690)"
A股,399987,2014-12-09,中证酒,成长,,-28.61%,-44.91%,22.83%,40.08%,3.2e+01,48.40%,41.18%,7.4,60.19%,57.09%,23.12%,0.73,2.18%,"鹏华酒C(012043), 酒ETF(512690), 鹏华酒A(160632)"
A股,930632,2015-05-11,CS稀金属,周期,,-44.46%,-57.18%,22.90%,80.05%,1.1e+01,1.62%,5.40%,3.0,23.23%,22.48%,27.27%,2.4,1.49%,"华宝中证稀有金属指数增强发起A(013942), 华宝中证稀有金属指数增强发起C(013943), 嘉实中证稀有金属主题ETF发起联接A(014110), 嘉实中证稀有金属主题ETF发起联接C(014111), 华富中证稀有金属主题ETF(561800), 嘉实中证稀有金属主题ETF(562800), 广发中证稀有金属ETF(159608), 稀有金属ETF基金(159671)"
A股,930955,2017-05-25,红利低波100,价值,,-7.28%,-28.63%,23.03%,7.85%,6.3,28.65%,18.94%,0.65,14.32%,11.43%,10.32%,1.6,5.22%,"天弘中证红利低波动100A(008114), 天弘中证红利低波动100C(008115), 景顺长城中证红利低波动100ETF联接A(016128), 景顺长城中证红利低波动100ETF (515100)"
A股,931087,2019-03-19,科技龙头,成长,,-34.27%,-49.45%,23.09%,52.14%,4.3e+01,61.01%,48.42%,4.5,7.76%,23.13%,10.47%,0.24,0.55%,"华宝科技ETF联接A(007873), 华宝科技ETF联接C(007874), 工银科技龙头ETF发起式联接A(012882), 工银科技龙头ETF发起式联接C(012883), 华宝中证科技龙头ETF(515000), 科技龙头ETF(516050)"
A股,000018,2007-12-09,180金融,价值,,-27.33%,-44.15%,23.15%,37.61%,6.2,22.66%,16.42%,0.69,8.87%,14.40%,11.13%,1.8,4.86%,"国泰上证180金融ETF联接C(014994), 国泰上证180金融ETF联接A(020021), 国泰上证180金融ETF(510230)"
A股,931008,2013-07-14,汽车指数,成长,,-29.80%,-46.17%,23.32%,42.45%,3.2e+01,53.07%,62.02%,2.3,63.93%,47.92%,7.19%,0.23,1.24%,"广发中证全指汽车指数A(004854), 广发中证全指汽车指数C(004855)"
A股,399440,2014-12-29,国证钢铁,周期,,-47.25%,-59.57%,23.36%,89.57%,4.1e+01,72.03%,85.88%,0.9,4.66%,8.85%,2.20%,0.054,2.59%,"鹏华国证钢铁行业指数(LOF)C(012810), 鹏华国证钢铁行业指数(LOF)A(502023), 中融钢铁A(168203)"
港股,HSMCHYI,2019-08-31,恒生中国内地企业高股息率指数,价值,,-42.89%,-56.41%,23.67%,75.10%,5.5,45.93%,31.23%,0.59,20.88%,22.01%,10.73%,2.0,7.01%,华夏恒生中国内地企业高股息率ETF(159726)
A股,930850,2016-07-19,智能制造,成长,,-22.40%,-41.37%,24.45%,28.87%,4e+01,46.43%,41.69%,4.1,38.66%,32.10%,10.25%,0.26,0.78%,"华宝中证智能制造主题ETF发起式联接A(013447), 华宝中证智能制造主题ETF发起式联接C(013448), 智能制造ETF(516800)"
A股,399437,2014-12-29,证券龙头,价值,,-32.60%,-49.16%,24.57%,48.37%,1.8e+01,25.91%,41.62%,1.3,13.18%,18.27%,7.22%,0.41,1.65%,"宝盈国证证券龙头指数发起式A(015859), 龙头券商(159993)"
港股,HSSCNE,2018-01-07,恒生港股通新经济指数,成长,,-53.10%,-64.74%,24.82%,113.22%,2.5e+01,47.12%,36.29%,2.9,54.89%,38.24%,11.60%,0.47,0.97%,嘉实港股通新经济指数(LOF)A(501311)
A股,399007,2009-11-03,深证300,宽基,,-32.84%,-49.52%,24.84%,48.90%,2.3e+01,31.10%,32.27%,2.7,31.14%,27.72%,11.74%,0.52,1.46%,"大摩深证300指数增强(233010), 汇添富深证300ETF联接A(470068), 平安深证300指数增强(700002), 汇添富深证300ETF(159912)"
A股,931357,2019-11-14,优选消费50,成长,,-40.19%,-55.12%,24.96%,67.20%,2.5e+01,9.36%,15.42%,4.4,10.24%,24.21%,17.60%,0.69,1.51%,"中金中证沪港深优选消费50A(008519), 中金中证沪港深优选消费50C(008520)"
A股,931186,2019-05-29,中证科技,成长,,-18.05%,-38.54%,25.00%,22.03%,3.1e+01,6.20%,9.41%,4.0,12.91%,18.60%,12.90%,0.41,0.85%,"富国中证科技50策略ETF联接A(008749), 富国中证科技50策略ETF联接C(008750), 富国中证科技50策略ETF(515750)"
A股,000919,2008-01-20,300价值,价值,,-21.02%,-40.77%,25.01%,26.61%,7.4,30.38%,19.06%,0.83,9.52%,16.24%,11.22%,1.5,4.93%,"申万菱信沪深300价值指数C(007800), 银河沪深300价值指数C(013074), 申万菱信沪深300价值指数(310398), 银河沪深300价值指数A(519671), 300价值A(562320)"
A股,930708,2015-07-12,中证有色,周期,,-35.80%,-51.89%,25.06%,55.76%,1.5e+01,2.13%,5.57%,2.3,28.36%,26.94%,15.33%,1.0,1.66%,"东财有色增强A(011630), 东财有色增强C(011631), 国泰中证有色金属ETF发起联接A(013218), 国泰中证有色金属ETF发起联接C(013219), 财通资管中证有色金属指数发起式A(013437), 财通资管中证有色金属指数发起式C(013438), 华宝中证有色金属ETF发起式联接A(017140), 有色金属(159871), 有色(159876), 国泰中证有色金属ETF(159881)"
A股,399285,2020-02-17,物联网50,成长,,-18.30%,-38.79%,25.08%,22.40%,3.7e+01,64.84%,39.92%,4.0,30.23%,19.13%,10.81%,0.3,1.12%,物联网ETF工银(159709)
A股,000063,2010-02-02,上证周期,价值,,-24.78%,-44.15%,25.75%,32.94%,6.8,19.50%,18.98%,0.8,9.65%,16.96%,11.76%,1.7,5.56%,"海富通上证周期ETF联接(519027), 海富通上证周期ETF(510110)"
A股,000987,2011-08-01,全指材料,周期,,-38.03%,-53.99%,25.75%,61.37%,1.6e+01,18.97%,27.91%,1.8,26.44%,19.17%,11.25%,0.68,2.08%,广发中证全指原材料ETF(159944)
A股,931591,2020-11-08,1000成长创新,成长,,-9.77%,-33.28%,26.06%,10.83%,3.9e+01,96.52%,46.66%,3.4,20.85%,16.73%,8.72%,0.23,1.00%,华夏中证智选1000成长创新策略ETF(562520)
A股,931404,2020-02-19,SHS品牌消费50,成长,,-39.66%,-55.70%,26.58%,65.73%,2.2e+01,20.55%,26.04%,5.4,14.25%,25.60%,24.55%,1.1,1.71%,品牌消费(517880)
港股,HSI,1989-03-08,恒生指数,宽基,,-35.53%,-52.75%,26.71%,55.11%,9.7,40.44%,29.77%,1.0,16.12%,25.66%,10.31%,1.1,3.80%,"华夏恒生ETF联接A(000071), 华夏沪港通恒生ETF联接A(000948), 南方恒生指数ETF联接C(005659), 南方恒生指数ETF联接（LOF）A(501302), 南方恒生指数ETF(513600), 华夏沪港通恒生ETF(513660), 华夏恒生ETF(159920), 汇添富恒生指数(QDII-LOF) A(164705)"
A股,000048,2009-08-04,责任指数,价值,,-22.73%,-43.55%,26.94%,29.42%,9.0,16.95%,21.06%,1.1,4.68%,12.66%,12.22%,1.4,4.08%,"建信上证社会责任ETF联接(530010), 建信上证社会责任ETF(510090)"
A股,399809,2015-02-12,保险主题,价值,,-29.30%,-48.43%,27.06%,41.44%,6.7,10.16%,18.70%,0.77,9.87%,16.99%,11.49%,1.7,4.82%,方正富邦中证保险A(167301)
A股,930931,2017-01-15,港股通50,价值,,-36.49%,-53.72%,27.13%,57.46%,9.3,27.42%,29.69%,0.98,13.58%,24.24%,10.54%,1.1,4.02%,"港股通50ETF联接A(012151), 港股通50ETF联接C(012152), 国泰中证港股通50ETF发起联接A(014689), 港股通50(513550), 华夏中证港股通50ETF(159711), 国泰中证港股通50ETF(159712)"
A股,399005,2006-01-23,中小板指,成长,,-31.26%,-50.00%,27.26%,45.48%,2.2e+01,5.25%,14.05%,3.1,6.93%,18.29%,14.09%,0.65,1.37%,"申万菱信中小企业100指数(LOF)C(007799), 易方达中小企业100指数（LOF）C(012872), 华富中小企业100指数增强(410010), 华夏中小板ETF(159902), 易方达中小企业100指数（LOF）A(161118), 申万菱信中小企业100指数(LOF)A(163111)"
A股,000010,2002-06-30,上证180,宽基,,-28.34%,-47.98%,27.41%,39.55%,1e+01,30.75%,28.78%,1.2,11.54%,14.00%,12.00%,1.2,3.89%,"华安上证180ETF联接A(040180), 万家180指数(519180), 华安上证180ETF(510180)"
港股,HSCEI,1994-08-07,恒生中国企业指数,价值,,-44.12%,-59.61%,27.72%,78.95%,8.3,46.37%,32.60%,0.92,16.12%,24.37%,11.08%,1.3,4.14%,"易方达恒生国企联接（QDII）C(005675), 易方达恒生国企联接（QDII）A(110031), 易方达恒生国企(QDII-ETF)(510900), 平安恒生中国企业ETF(159960), 银华恒生国企指数（QDII-LOF）(161831)"
A股,930709,2015-07-12,香港证券,价值,,-33.81%,-52.19%,27.77%,51.08%,1.5e+01,85.39%,57.84%,0.74,7.51%,25.22%,4.93%,0.33,3.06%,易方达中证香港证券投资主题ETF(513090)
港股,HSML25,2003-01-19,恒生中国(香港上市)25指数,价值,,-37.78%,-55.10%,27.84%,60.72%,8.3,31.75%,29.79%,0.97,12.02%,22.79%,11.69%,1.4,4.37%,华宝香港大盘C(006355)
A股,H30199,2013-07-14,电力指数,价值,,-14.48%,-38.50%,28.09%,16.93%,2.8e+01,86.63%,68.78%,1.8,74.17%,33.54%,6.43%,0.23,2.07%,"广发中证全指电力ETF发起式联接A(016185), 博时中证全指电力ETF发起式联接A(017481), 电力ETF(561560), 博时中证全指电力公用事业ETF(561700), 电力(562350), 广发中证全指电力ETF(159611)"
A股,930712,2015-07-30,CS物联网,成长,,-24.13%,-45.46%,28.11%,31.80%,3.5e+01,48.56%,36.43%,4.0,32.95%,31.90%,11.43%,0.33,1.10%,"华夏中证物联网主题ETF(516260), 物联网(516330), 招商中证物联网主题ETF(159701), 易方达中证物联网主题ETF(159895), 南方中证物联网主题ETF(159896)"
A股,931573,2014-05-20,HKC科技,成长,,-57.81%,-69.87%,28.58%,137.02%,3.3e+01,16.88%,28.78%,3.3,24.68%,30.37%,10.00%,0.3,0.58%,"国泰中证港股通科技ETF发起联接A(015739), 景顺长城中证港股通科技ETF联接A(016495), 国泰中证港股通科技ETF(513020), 港科技50(513150), 兴银中证港股通科技ETF(513560), 海富通中证港股通科技ETF(513860), 景顺长城中证港股通科技ETF (513980), 港股科技ETF(159751)"
A股,000827,2012-09-24,中证环保,成长,,-37.68%,-55.69%,28.90%,60.46%,1.9e+01,2.34%,11.91%,2.9,48.23%,38.76%,15.26%,0.8,1.63%,"广发中证环保ETF联接A(001064), 广发中证环保ETF联接C(002984), 申万菱信中证环保产业指数(LOF)C(010419), 鹏华中证环保产业指数(LOF)A(160634), 新华中证环保产业指数(164304), 广发中证环保ETF(512580), 申万菱信中证环保产业指数(LOF)A(163114)"
A股,399966,2012-12-20,800证保,价值,,-36.26%,-54.70%,28.93%,56.89%,1.5e+01,28.61%,27.40%,1.3,7.80%,15.85%,8.67%,0.57,2.23%,"保险证券(515630), 鹏华中证800证券保险指数(LOF)A(160625)"
A股,000029,2009-01-08,180价值,价值,,-16.40%,-40.69%,29.06%,19.62%,7.0,32.59%,18.51%,0.8,13.30%,17.14%,11.43%,1.6,5.40%,"华宝上证180价值ETF联接(240016), 上证180价值ETF(510030)"
A股,399001,1995-01-22,深证成指,成长,,-29.17%,-49.82%,29.15%,41.18%,2.4e+01,34.76%,46.62%,2.6,31.14%,30.21%,10.83%,0.45,1.42%,"南方深证成份ETF联接C(004345), 融通深证成份指数C(004875), 融通深证成份指数A/B(161612), 南方深证成份ETF联接A(202017), 南方深证成份ETF(159903), 深证ETF(159943), 申万菱信深证成份指数A(163109)"
港股,HSHYLV,2017-05-07,恒生港股通高股息低波动指数,价值,,-16.00%,-40.61%,29.30%,19.05%,5.1,30.26%,29.58%,0.5,25.61%,23.73%,9.80%,1.9,7.42%,"恒生前海港股通高股息低波动指数(005702), 富国恒生港股通高股息低波动ETF（QDII）(513950)"
A股,000979,2011-08-21,大宗商品,周期,,-31.94%,-52.09%,29.61%,46.93%,1.1e+01,2.55%,8.12%,1.4,52.09%,21.38%,12.73%,1.2,4.31%,招商中证商品指数基金(161715)
A股,000819,2012-05-08,有色金属,周期,,-38.36%,-56.73%,29.80%,62.23%,1.3e+01,0.90%,4.12%,2.4,31.65%,23.94%,18.46%,1.4,1.85%,"南方中证申万有色金属ETF发起联接A(004432), 南方中证申万有色金属ETF发起联接C(004433), 南方中证申万有色金属ETF发起联接E(010990), 南方中证申万有色金属ETF(512400)"
A股,931574,2013-05-20,港股科技,成长,,-62.70%,-73.88%,29.97%,168.10%,3.1e+01,4.21%,15.94%,2.8,27.23%,33.05%,9.03%,0.29,0.51%,"南方中证香港科技ETF（QDII）(159747), 招商中证香港科技ETF（QDII）(159750)"
A股,930782,2016-02-03,500SNLV,价值,,-10.02%,-37.10%,30.10%,11.14%,1.9e+01,40.47%,29.58%,1.3,16.32%,18.30%,6.84%,0.37,2.25%,"景顺长城中证500行业中性低波动指数(003318), 华安中证500低波ETF(512260)"
A股,931406,2020-02-19,5G 50,成长,,-27.85%,-49.57%,30.10%,38.60%,2.2e+01,30.32%,31.27%,2.1,29.08%,28.65%,9.55%,0.43,2.45%,"博时5G50ETF联接A(012655), 博时5G50ETF联接C(012658), 博时5G50ETF(159811)"
A股,000906,2007-01-14,中证800,宽基,,-26.64%,-48.98%,30.45%,36.31%,1.3e+01,38.30%,31.31%,1.4,17.98%,12.18%,10.77%,0.81,2.81%,"天弘中证800A(001588), 天弘中证800C(001589), 易方达中证800ETF联接发起式A(007856), 易方达中证800ETF联接发起式C(007857), 湘财长源股票型A(008128), 湘财长源股票型C(008129), 兴全中证800六个月持有指数A(010673), 兴全中证800六个月持有指数C(010674), 汇添富中证800ETF联接基金A(012596), 汇添富中证800ETF联接基金C(012597), 民生加银中证800指数增强发起式A(013031), 民生加银中证800指数增强发起式C(013032), 中银中证800指数型发起式A(014226), 中银中证800指数型发起式C(014227), 招商中证800指数增强A(016276), 华夏中证800指数增强(017985), 添富中证800ETF(515800), 易方达中证800ETF(515810), 长盛同庆中证800指数(LOF)(160806)"
A股,930633,2015-05-07,中证旅游,成长,,-21.69%,-45.65%,30.60%,27.70%,-1e+01,99.14%,259.13%,3.1,81.36%,46.40%,-31.00%,,0.17%,"华夏中证旅游主题ETF(562510), 富国中证旅游主题ETF(159766)"
A股,930821,2016-05-10,中证VR,成长,,-31.71%,-52.64%,30.65%,46.43%,5.5e+01,68.98%,67.65%,2.6,27.95%,21.96%,4.73%,0.086,0.78%,VRETF(159786)
A股,H30588,2015-02-01,中证证保,价值,,-35.58%,-55.48%,30.89%,55.23%,1.5e+01,34.77%,28.60%,1.3,9.43%,15.79%,8.67%,0.57,2.23%,"天弘中证证券保险A(001552), 天弘中证证券保险C(001553)"
A股,930721,2015-08-04,CS智汽车,成长,,-27.02%,-49.65%,31.01%,37.02%,5e+01,80.05%,44.65%,3.8,31.15%,30.93%,7.60%,0.15,0.64%,"天弘中证智能汽车A(010955), 天弘中证智能汽车C(010956), 富国中证智能汽车指数（LOF）C(013292), 富国中证智能汽车主题ETF(515250), 智能驾驶(516520), 汇添富中证智能汽车主题ETF(159795), 华夏中证智能汽车主题ETF(159888), 国泰中证智能汽车主题ETF(159889), 富国中证智能汽车指数（LOF）A(161033)"
A股,931637,2021-01-10,HKC互联网,成长,,-44.40%,-61.75%,31.21%,79.86%,3.1e+01,24.71%,30.35%,3.5,42.89%,35.74%,11.29%,0.36,0.42%,"富国中证港股通互联网ETF发起式联接A(014673), 华宝中证港股通互联网ETF发起式联接A(017125), 华宝中证港股通互联网ETF(513770), 富国中证港股通互联网ETF(159792)"
A股,H30184,2013-07-14,半导体,成长,,-38.99%,-58.05%,31.24%,63.91%,7.1e+01,48.34%,53.37%,5.1,68.67%,50.66%,7.18%,0.1,0.22%,"国联安中证全指半导体产品与设备ETF联接A(007300), 国联安中证全指半导体产品与设备ETF联接C(007301), 国联安半导体ETF(512480)"
A股,000821,2012-07-19,300红利,价值,,-13.33%,-40.47%,31.31%,15.38%,6.2,22.87%,19.25%,0.69,10.43%,17.24%,11.13%,1.8,5.50%,"建信沪深300红利ETF发起式联接A(012712), 建信沪深300红利ETF发起式联接C(012713), 建信沪深300红利ETF(512530)"
A股,930652,2015-06-04,CS电子,成长,,-30.81%,-52.62%,31.52%,44.53%,4.6e+01,62.59%,53.69%,3.7,51.48%,40.80%,8.04%,0.18,0.75%,"天弘中证电子ETF联接A(001617), 天弘中证电子ETF联接C(001618), 电子ETF(159997)"
A股,399291,2019-11-05,创精选88,成长,,-15.40%,-42.14%,31.61%,18.20%,5.9e+01,84.24%,44.55%,3.4,28.00%,26.99%,5.76%,0.097,0.75%,"国寿安保创精选88ETF联接A(008898), 国寿安保创精选88ETF联接C(008899), 国寿安保创精选88ETF(159804)"
A股,930598,2015-03-01,稀土产业,周期,,-37.11%,-57.28%,32.07%,59.01%,2.6e+01,9.35%,17.77%,2.2,26.47%,32.42%,8.46%,0.33,0.86%,"嘉实中证稀土产业ETF联接A(011035), 嘉实中证稀土产业ETF联接C(011036), 华泰柏瑞中证稀土产业ETF发起式联接A(014331), 华泰柏瑞中证稀土产业ETF发起式联接C(014332), 嘉实中证稀土产业ETF(516150), 稀土ETF(516780), 富国中证稀土产业ETF(159713), 易方达中证稀土产业ETF(159715)"
A股,931079,2019-04-24,5G通信,成长,,-29.46%,-52.18%,32.21%,41.76%,3.4e+01,41.75%,38.42%,3.7,45.13%,30.73%,10.88%,0.32,0.92%,"华夏中证5G通信主题ETF联接A(008086), 华夏中证5G通信主题ETF联接C(008087), 银华中证5G通信主题ETF联接A(008889), 银华中证5G通信主题ETF联接C(010524), 华夏中证5G通信主题ETF(515050), 5GETF(159994)"
A股,000989,2011-08-01,全指可选,成长,,-26.26%,-50.18%,32.44%,35.61%,2.3e+01,29.02%,36.46%,2.6,42.00%,35.93%,11.30%,0.48,1.89%,"广发可选消费联接A(001133), 广发可选消费联接C(002977), 广发中证全指可选消费ETF(159936)"
A股,399998,2015-02-12,中证煤炭,周期,,-27.48%,-51.11%,32.58%,37.89%,6.2,0.62%,3.73%,1.3,50.44%,35.34%,20.97%,3.4,9.17%,"国泰中证煤炭ETF联接A(008279), 国泰中证煤炭ETF联接C(008280), 富国中证煤炭指数C(013275), 国泰中证煤炭ETF(515223), 国泰中证煤炭ETF(515220), 富国中证煤炭指数A(161032), 中融煤炭A(168204)"
A股,000925,2009-02-25,基本面50,价值,,-11.19%,-40.16%,32.62%,12.60%,7.9,27.26%,23.06%,0.9,9.93%,18.99%,11.39%,1.4,4.74%,"嘉实基本面50指数(LOF)C(160725), 嘉实基本面50ETF(512750), 嘉实基本面50指数(LOF)A(160716)"
港股,HSIII,2020-07-19,恒生互联网科技业指数,成长,,-61.93%,-74.39%,32.73%,162.67%,2.6e+01,1.35%,14.83%,2.7,10.32%,37.39%,10.38%,0.41,0.48%,"华夏恒生互联网科技业ETF发起式联接（QDII）A(013171), 华夏恒生互联网科技业ETF发起式联接（QDII）C(013172), 华夏恒生互联网科技业ETF（QDII）(513330)"
A股,930625,2015-04-20,SHS互联网,成长,,-38.66%,-58.75%,32.75%,63.03%,3.4e+01,21.95%,28.79%,4.1,15.93%,35.96%,12.06%,0.35,0.44%,"东财沪港深互联网指数A(012371), 东财沪港深互联网指数C(012372), 工银沪港深互联网ETF发起式联接A(012759), 工银沪港深互联网ETF发起式联接C(012760), 互联网50(517050), 嘉实中证沪港深互联网ETF(517200), 汇添富中证沪港深互联网ETF(159729), 互联网龙头ETF(159856)"
A股,399699,2017-06-08,金融科技,成长,,-18.53%,-45.30%,32.86%,22.74%,2.1e+01,46.07%,31.31%,2.0,17.93%,23.31%,9.52%,0.46,2.05%,"合煦智远金融科技指数(LOF)C(168702), 合煦智远金融科技指数(LOF)A(168701)"
A股,H30590,2015-02-09,机器人,成长,,-20.46%,-46.76%,33.07%,25.72%,4.7e+01,27.73%,49.00%,4.4,74.88%,50.61%,9.36%,0.2,0.69%,"机器人YH(562360), 华夏中证机器人ETF(562500), 机器人ETF(159770)"
A股,930604,2015-03-22,中国互联网30,成长,,-59.94%,-73.25%,33.23%,149.63%,2.5e+01,0.80%,13.56%,2.7,9.08%,34.37%,10.80%,0.44,0.40%,"广发中证海外中国互联网30（QDII-ETF）(159605), 嘉实中证海外中国互联网30ETF（QDII）(159607)"
A股,399395,2012-10-28,国证有色,成长,,-36.80%,-58.12%,33.73%,58.23%,1.3e+01,0.21%,2.94%,2.3,34.26%,25.23%,17.69%,1.3,1.83%,"有色50(159880), 国泰国证有色金属行业指数A(160221)"
港股,HSTECH,2020-06-30,恒生科技指数,成长,,-61.32%,-74.40%,33.82%,158.53%,2.8e+01,2.53%,13.30%,2.6,22.33%,33.65%,9.29%,0.33,0.49%,"天弘恒生科技指数A(012348), 天弘恒生科技指数C(012349), 广发恒生科技ETF联接（QDII）A(012804), 华夏恒生科技ETF发起式联接（QDII）A(013402), 博时恒生科技ETF发起式联接（QDII）A(014438), 易方达恒生科技ETF（QDII）(513010), 恒生科技(513130), 华夏恒生科技ETF（QDII）(513180), 汇添富恒生科技ETF(513260), 华安恒生科技ETF(513580), 摩根恒生科技ETF(QDII)(513890), 恒生科技(159740), 嘉实恒生科技ETF（QDII）(159741), 博时恒生科技ETF(QDII)(159742)"
A股,000682,2021-08-15,科创信息,成长,,-20.59%,-47.75%,34.20%,25.93%,9.8e+01,99.53%,57.58%,5.7,72.64%,33.12%,5.82%,0.059,0.20%,"嘉实上证科创板新一代信息技术ETF(588100), 华安上证科创板新一代信息技术ETF(588260)"
A股,H30533,2014-12-28,中国互联网50,成长,*,-60.37%,-73.99%,34.37%,152.33%,2.5e+01,0.77%,12.99%,2.7,9.52%,35.08%,10.80%,0.44,0.40%,"易方达中证海外中国互联网50ETF联接（QDII）A(006327), 易方达中证海外中国互联网50ETF联接（QDII）C(006328), 易方达中证海外中国互联网50(QDII-ETF)(513050)"
A股,000811,2012-04-10,细分有色,周期,,-36.35%,-58.27%,34.44%,57.11%,1.4e+01,1.81%,5.53%,2.4,35.67%,26.26%,17.14%,1.2,1.70%,"华夏中证细分有色金属产业主题ETF发起式联接A(016707), 华夏中证细分有色金属产业主题ETF(516650), 汇添富中证细分有色金属产业主题ETF(159652)"
A股,000935,2009-07-02,中证信息,成长,,-32.90%,-56.46%,35.11%,49.03%,5.1e+01,71.63%,55.87%,4.0,38.01%,32.73%,7.84%,0.15,0.69%,"鹏华信息C(012040), 鹏华信息A(160626)"
A股,399990,2015-01-20,煤炭等权,周期,,-27.85%,-53.24%,35.19%,38.60%,6.2,0.59%,3.73%,1.3,47.85%,35.34%,20.97%,3.4,9.17%,"招商中证煤炭等权指数C(013596), 招商中证煤炭等权指数A(161724)"
A股,930599,2015-03-01,中证高装,成长,,-31.23%,-55.53%,35.34%,45.41%,2.7e+01,6.78%,15.89%,3.1,33.15%,39.36%,11.48%,0.42,1.09%,"东财高端制造增强A(011667), 东财高端制造增强C(011668), 天弘中证高端装备制造增强A(012212), 天弘中证高端装备制造增强C(012213)"
A股,930986,2017-06-21,金融科技,成长,,-16.13%,-46.13%,35.77%,19.23%,6.4e+01,68.06%,49.89%,4.8,57.69%,35.53%,7.50%,0.12,0.53%,"华宝中证金融科技主题ETF发起式联接A(013477), 华宝中证金融科技主题ETF发起式联接C(013478), 华夏中证金融科技主题ETF(516100), 博时金融科技ETF(516860), 金科ETF(159851)"
A股,399008,2010-03-21,中小300,成长,,-23.52%,-51.15%,36.13%,30.75%,2.6e+01,6.65%,24.40%,2.8,7.18%,16.96%,10.77%,0.42,1.28%,"广发中小企业300ETF联接C(010432), 广发中小企业300ETF联接A(270026), 广发中小企业300ETF(159907)"
A股,000021,2008-09-09,180治理,价值,,-19.59%,-48.78%,36.30%,24.36%,8.3,27.01%,23.84%,0.97,13.14%,22.03%,11.69%,1.4,4.48%,"交银上证180公司治理ETF联接(519686), 交银上证180公司治理ETF(510010)"
A股,000056,2010-01-03,上证国企,价值,,-19.24%,-48.64%,36.40%,23.82%,9.0,30.91%,26.23%,1.0,15.56%,18.09%,11.11%,1.2,4.41%,国企ETF(510270)
A股,930792,2016-04-21,HK银行,价值,,-17.15%,-47.43%,36.55%,20.70%,4.4,12.07%,25.95%,0.48,7.03%,17.84%,10.91%,2.5,7.05%,"泰康香港银行指数A(006809), 泰康香港银行指数C(006810), 鹏华香港银行指数C（LOF）(010365), 鹏华香港银行指数A（LOF）(501025)"
A股,930608,2015-03-30,中证基建,价值,,-10.34%,-43.35%,36.82%,11.53%,9.2,7.70%,22.30%,0.99,6.45%,19.69%,10.76%,1.2,2.54%,"银华中证基建ETF发起式联接A(015761), 国泰中证基建ETF发起联接A(016836), 华安中证基建指数发起式A(016908), 基建ETF(516950), 国泰中证基建ETF(159619), 华夏中证基建ETF(159635)"
A股,399006,2010-05-31,创业板指,成长,,-36.29%,-60.01%,37.23%,56.96%,3.3e+01,5.17%,18.58%,4.6,20.93%,31.88%,13.94%,0.42,0.74%,"天弘创业板ETF联接基金A(001592), 天弘创业板ETF联接基金C(001593), 长城创业板指数增强发起式A(001879), 南方创业板ETF联接A(002656), 光大保德信创业板股票A(003069), 光大保德信创业板股票C(003070), 大成动态量化配置策略混合A(003147), 广发创业板ETF联接A(003765), 广发创业板ETF联接C(003766), 南方创业板ETF联接C(004343), 易方达创业板ETF联接C(004744), 融通创业板指数C(004870), 工银创业板ETF联接A(005390), 工银创业板ETF联接C(005391), 建信创业板ETF联接A(005873), 建信创业板ETF联接C(005874), 华夏创业板ETF联接A(006248), 华夏创业板ETF联接C(006249), 博时创业板ETF联接C(006733), 长城创业板指数增强发起式C(006928), 博时优势企业灵活配置混合C(007234), 永赢创业板A(007664), 永赢创业板C(007665), 平安创业板ETF联接A(009012), 东财创业板A(009046), 东财创业板C(009047), 万家创业板指数增强A(009981), 万家创业板指数增强C(009982), 南方创业板ETF联接E(010183), 诺安创业板指数增强（LOF）C(010356), 浙商创业板指数增强A(010749), 浙商创业板指数增强C(010750), 博时创业板指数A(010785), 中银证券创业板ETF联接A(012116), 中银证券创业板ETF联接C(012117), 浦银安盛创业板ETF联接A(012179), 浦银安盛创业板ETF联接C(012180), 招商创业板指数增强A(012900), 招商创业板指数增强C(012901), 富国创业板指数C(013277), 建信创业板ETF发起联接E(013443), 天弘创业板指数增强A(015794), 博时创业板ETF联接A(050021), 易方达创业板ETF联接A(110026), 融通创业板指数A/B(161613), 诺安创业板指数增强（LOF）A(163209), 嘉实创业板增强策略ETF(159675), 富国创业板增强策略ETF(159676), 融通创业板ETF(159808), 浦银安盛创业板ETF(159810), BOCI创业(159821), 博时创业板ETF(159908), 易方达创业板ETF(159915), 南方创业板ETF(159948), 广发创业板ETF(159952), 建信创业板ETF(159956), 华夏创业板ETF(159957), 创业板ETF工银(159958), 平安创业板ETF(159964), 富国创业板ETF(159971), 创业板ETF天弘(159977), 国泰创业板指数（LOF）A(160223), 鹏华创业板指数(LOF)A(160637), 富国创业板指数A(161022)"
A股,H30094,2013-07-01,消费红利,成长,,-14.91%,-46.60%,37.24%,17.52%,2.9e+01,55.79%,61.45%,6.2,72.45%,61.49%,21.38%,0.74,2.44%,"泰达消费红利指数A(008928), 泰达消费红利指数C(008929), 方正富邦消费红利指数增强（LOF）(501089)"
A股,931481,2020-05-05,SHS线上消费,成长,,-41.67%,-63.61%,37.61%,71.44%,3.2e+01,17.74%,28.26%,3.8,33.21%,36.21%,11.88%,0.37,0.50%,"网购ETF(517280), 平安中证沪港深线上消费主题ETF(159793)"
A股,930641,2015-05-18,中证中药,成长,,-7.55%,-42.37%,37.66%,8.17%,3.2e+01,59.23%,46.22%,3.2,43.37%,30.76%,10.00%,0.31,1.58%,"鹏华中证中药ETF联接A(016891), 汇添富中证中药ETF联接（LOF）A(501011), 汇添富中证中药ETF联接（LOF）C(501012), 汇添富中证中药ETF(560080), 中医药(561510), 中药(562390), 中药ETF(159647)"
A股,H30269,2013-12-18,红利低波,价值,,-8.82%,-43.62%,38.17%,9.67%,5.8,28.66%,20.73%,0.65,14.68%,17.66%,11.21%,1.9,6.08%,"创金合信中证红利低波动指数A(005561), 创金合信中证红利低波动指数C(005562), 华泰柏瑞中证红利低波ETF联接A(007466), 华泰柏瑞中证红利低波ETF联接C(007467), 红利LV(512890)"
A股,H11136,2011-09-19,中国互联网,成长,,-65.60%,-78.81%,38.40%,190.70%,2.5e+01,0.77%,13.16%,2.7,9.57%,35.53%,10.80%,0.44,0.41%,交银中证海外中国互联网指数（QDII-LOF）(164906)
A股,931144,2019-05-29,通信技术,成长,,-16.88%,-49.04%,38.69%,20.31%,4e+01,52.54%,42.96%,3.8,51.93%,33.27%,9.50%,0.24,0.61%,"东财通信A(008326), 东财通信C(008327)"
A股,931071,2018-11-20,人工智能,成长,,-28.80%,-56.62%,39.07%,40.45%,6.8e+01,100.00%,54.73%,5.2,65.90%,37.16%,7.65%,0.11,0.49%,"华富人工智能ETF联接A(008020), 华富人工智能ETF联接C(008021), 华富中证人工智能产业ETF(515980)"
A股,399438,2014-12-29,绿色电力,价值,,-25.33%,-54.52%,39.09%,33.92%,2.4e+01,84.17%,49.45%,1.9,73.48%,34.41%,7.92%,0.33,2.12%,"嘉实国证绿色电力ETF发起联接A(017056), 嘉实国证绿色电力ETF发起联接C(017057), 国泰国证绿色电力ETF发起联接A(018034), 嘉实国证绿色电力ETF(159625), 国泰国证绿色电力ETF(159669)"
A股,399610,2010-11-07,TMT50,成长,,-24.52%,-54.17%,39.28%,32.49%,4.5e+01,66.68%,52.84%,3.7,26.43%,30.45%,8.22%,0.18,0.96%,"招商深证TMT50ETF联接C(004409), 招商深证TMT50ETF联接A(217019), 深证TMT50ETF(159909)"
A股,000824,2012-07-19,国企红利,价值,,-8.51%,-44.51%,39.35%,9.30%,5.9,16.91%,17.02%,0.64,6.98%,12.56%,10.85%,1.8,5.72%,"西部利得国企红利指数增强C(009439), 西部利得国企红利指数增强A（场内简称：国企红利LOF）(501059)"
A股,000904,2007-01-14,中证200,宽基,,-21.41%,-52.74%,39.87%,27.24%,1.6e+01,23.77%,25.81%,1.5,7.59%,12.49%,9.38%,0.58,2.43%,"民生加银中证200指数增强A(009904), 民生加银中证200指数增强C(009905), 泰信中证200指数(290010)"
A股,930713,2015-07-30,CS人工智,成长,,-21.98%,-53.34%,40.19%,28.17%,8.1e+01,99.01%,69.45%,5.5,79.16%,48.48%,6.79%,0.084,0.45%,"华夏中证人工智能主题ETF联接A(008585), 华夏中证人工智能主题ETF联接C(008586), 融通人工智能指数(LOF)C(009239), 西部利得中证人工智能主题指数增强A(011832), 西部利得中证人工智能主题指数增强C(011833), 天弘中证人工智能A(011839), 天弘中证人工智能C(011840), 易方达中证人工智能主题ETF联接A(012733), 平安人工智能ETF(512930), 华夏中证人工智能主题ETF(515070), 易方达中证人工智能主题ETF(159819), 融通人工智能指数(LOF)A(161631)"
A股,000922,2008-05-25,中证红利,价值,,-9.96%,-46.51%,40.59%,11.06%,6.0,13.88%,13.93%,0.67,6.44%,11.22%,11.17%,1.9,5.85%,"大成中证红利指数C(007801), 富国中证红利指数增强C(008682), 南方高股息主题股票A(008736), 南方高股息主题股票C(008737), 易方达中证红利ETF联接发起式A(009051), 易方达中证红利ETF联接发起式C(009052), 招商中证红利ETF联接A(012643), 大成中证红利指数A(090010), 富国中证红利指数增强A/B(100032), 招商中证红利ETF(515080), 易方达中证红利ETF(515180), 博时中证红利ETF(515890), 万家红利A(161907)"
A股,000015,2005-01-03,红利指数,价值,,-11.56%,-47.74%,40.91%,13.07%,5.6,17.53%,16.59%,0.63,12.68%,12.79%,11.25%,2.0,6.34%,"华泰柏瑞红利ETF联接A(012761), 华泰柏瑞红利ETF联接C(012762), 华泰柏瑞上证红利ETF(510880)"
A股,000812,2012-04-10,细分机械,成长,,-36.16%,-62.37%,41.06%,56.64%,2e+01,5.79%,9.98%,2.9,63.96%,48.10%,14.50%,0.71,1.46%,"国泰中证细分机械设备产业主题ETF联接A(012516), 国泰中证细分机械设备产业主题ETF联接C(012517), 国泰中证细分机械设备产业主题ETF(516960), 富国中证细分机械设备产业主题ETF(159886)"
A股,399673,2014-06-17,创业板50,成长,,-39.75%,-64.75%,41.49%,65.98%,3.2e+01,7.57%,14.89%,5.2,30.38%,39.30%,16.25%,0.5,0.70%,"交银创业板50指数A(007464), 交银创业板50指数C(007465), 景顺长城创业板50ETF联接A(017949), 华安创业板50指数A(160420), 华安创业板50ETF联接A(160422), 华安创业板50ETF联接C(160424), 创50ETF(159681), 景顺长城创业板50ETF(159682), 华安创业板50ETF(159949)"
A股,399377,2010-01-03,小盘价值,价值,,-22.58%,-54.72%,41.51%,29.17%,1.4e+01,33.68%,31.82%,1.1,8.61%,10.34%,7.86%,0.54,3.06%,"银华巨潮小盘价值ETF发起式联接A(010561), 小盘价值(159990)"
A股,000993,2011-08-01,全指信息,成长,,-28.51%,-58.39%,41.80%,39.88%,5.5e+01,47.62%,50.01%,4.0,37.11%,37.52%,7.27%,0.13,0.66%,"广发信息技术联接A(000942), 广发信息技术联接C(002974), 广发中证全指信息技术ETF(159939)"
A股,000858,2013-11-05,500信息,成长,,-29.89%,-59.58%,42.35%,42.63%,8.9e+01,86.81%,71.42%,3.7,62.49%,41.96%,4.16%,0.047,0.51%,"南方中证500信息ETF发起联接A(002900), 南方中证500信息ETF发起联接C(004347), 南方中证500信息技术ETF(512330)"
A股,399975,2013-07-14,证券公司,价值,,-35.83%,-63.23%,42.70%,55.84%,1.9e+01,26.28%,46.93%,1.3,10.18%,19.24%,6.84%,0.35,1.52%,"南方中证全指证券公司ETF联接A(004069), 南方中证全指证券公司ETF联接C(004070), 华宝券商ETF联接(006098), 华宝券商ETF联接C(007531), 华夏中证全指证券公司ETF联接A(007992), 华夏中证全指证券公司ETF联接C(007993), 天弘中证全指证券公司ETF发起式联接A(008590), 天弘中证全指证券公司ETF发起式联接C(008591), 鹏华券商C(012044), 国泰中证全指证券公司ETF联接A(012362), 国泰中证全指证券公司ETF联接C(012363), 易方达中证全指证券公司ETF联接A(012590), 建信中证全指证券公司ETF发起式联接A(012645), 建信中证全指证券公司ETF发起式联接C(012646), 易方达中证全指证券公司指数（LOF）C(012874), 富国中证全指证券公司指数C(013276), 招商中证全指证券公司指数C(013597), 嘉实中证全指证券公司指数发起式A(016842), 华安中证全指证券公司指数A(160419), 博时证券公司指数(160516), 汇添富中证全指证券公司指数（LOF )A(501047), 汇添富中证全指证券公司指数（LOF )C(501048), 易方达中证全指证券公司指数（LOF）A(502010), 长盛中证证券公司指数（LOF）(502053), 华宝中证全指证券公司ETF(512000), 易方达中证全指证券公司ETF(512570), 国泰中证全指证券公司ETF(512880), 南方中证全指证券公司ETF(512900), 华夏中证全指证券公司ETF(515010), 建信中证全指证券公司ETF(515560), 富国中证全指证券公司ETF(515850), 华安中证全指证券公司ETF(516200), 汇添富中证全指证券公司ETF(560090), 证券ETF(159841), 券商ETF(159842), 国联安证券ETF(159848), 鹏华券商A(160633), 富国中证全指证券公司指数A(161027), 招商中证全指证券公司指数A(161720)"
A股,000042,2009-03-29,上证央企,价值,,-14.24%,-50.88%,42.72%,16.60%,8.1,33.87%,23.17%,0.91,19.83%,20.44%,11.23%,1.4,4.81%,工银上证央企ETF(510060)
A股,930601,2015-03-09,中证软件,成长,,-29.98%,-60.01%,42.89%,42.82%,1.4e+02,92.66%,79.05%,6.3,70.52%,56.77%,4.50%,0.032,0.33%,"嘉实中证软件服务ETF联接A(012619), 嘉实中证软件服务ETF联接C(012620), 万家中证软件服务指数发起式(018182), 嘉实中证软件服务ETF(159852)"
A股,931160,2013-07-14,通信设备,成长,,-11.38%,-49.42%,42.92%,12.84%,3.3e+01,20.45%,42.06%,3.7,61.59%,42.32%,11.21%,0.34,1.12%,"国泰中证全指通信设备ETF联接A(007817), 国泰中证全指通信设备ETF联接C(007818), 国泰中证全指通信设备ETF(515880)"
A股,000068,2010-05-27,上证资源,价值,,-23.29%,-56.41%,43.18%,30.36%,9.0,5.34%,13.42%,1.3,56.69%,33.18%,14.44%,1.6,6.07%,"博时上证自然资源ETF联接(050024), 博时上证自然资源ETF(510410)"
A股,000905,2007-01-14,中证500,宽基,,-19.62%,-54.35%,43.21%,24.41%,2.4e+01,26.44%,33.50%,1.9,25.21%,21.96%,7.92%,0.34,1.66%,"嘉实中证500ETF联接A(000008), 建信中证500指数增强A(000478), 天弘中证500ETF联接A(000962), 华夏中证500ETF联接A(001052), 华泰柏瑞中证500ETF联接A(001214), 国寿安保中证500ETF联接(001241), 诺安中证500增强A(001351), 景顺长城中证500ETF联接(001455), 天弘中证500指数增强A(001556), 天弘中证500指数增强C(001557), 浙商中证500增强A(002076), 创金合信中证500增强A(002311), 创金合信中证500增强C(002316), 申万菱信中证500指数增强(002510), 广发中证500ETF联接C(002903), 南方中证500量化增强股票发起A(002906), 南方中证500量化增强股票发起C(002907), 中金中证500A(003016), 中金中证500C(003578), 国泰中证500指数增强A(003760), 国泰中证500指数增强C(003761), 申万菱信中证500指数优选增强(003986), 招商中证500指数增强A(004192), 招商中证500指数增强C(004193), 南方中证500ETF联接（LOF）C(004348), 富荣中证500指数增强A(004790), 富荣中证500指数增强C(004791), 长信中证500指数A(004945), 博时中证500指数增强A(005062), 华宝中证500增强A(005607), 华宝中证500增强C(005608), 建信中证500指数增强C(005633), 博时中证500指数增强C(005795), 天弘中证500ETF联接C(005919), 安信中证500指数增强A(005965), 安信中证500指数增强C(005966), 国投瑞银中证500指数量化增强A(005994), 长城中证500指数增强A(006048), 华泰柏瑞中证500ETF联接C(006087), 平安500ETF联接A(006214), 平安500ETF联接C(006215), 华夏中证500ETF联接C(006382), 中信建投中证500增强A(006440), 中信建投中证500增强C(006441), 博道中证500增强A(006593), 博道中证500增强C(006594), 人保中证500(006611), 方正富邦中证500ETF联接A(006656), 方正富邦中证500ETF联接C(006657), 景顺长城中证500指数增强A(006682), 万家中证500指数增强发起式A(006729), 万家中证500指数增强发起式C(006730), 中证500增强A(006783), 中证500增强C(006784), 鹏华中证500指数C类（LOF）(006938), 易方达中证500ETF联接发起式A(007028), 易方达中证500ETF联接发起式C(007029), 国投瑞银中证500指数量化增强C(007089), 工银中证500ETF联接C(007223), 浙商中证500增强C(007386), 摩根研究驱动股票A(007388), 摩根研究驱动股票C(007389), 长城中证500指数增强C(007413), 申万菱信中证500指数优选增强C(007794), 申万菱信中证500指数增强C(007795), 博道伍佰智航A(007831), 博道伍佰智航C(007832), 中融中证500ETF联接A(007885), 中融中证500ETF联接C(007886), 鹏华中证500ETF联接A(007932), 富安达中证500指数增强(007943), 华夏中证500指数增强A(007994), 华夏中证500指数增强C(007995), 鹏华中证500ETF联接C(008001), 中泰中证500指数增强A(008112), 中泰中证500指数增强C(008113), 中邮中证500指数增强C(008124), 中银证券中证500ETF联接A(008258), 中银证券中证500ETF联接C(008259), 博时中证500ETF联接A(008396), 博时中证500ETF联接C(008397), 嘉实中证500指数增强A(008778), 嘉实中证500指数增强C(008779), 海富通中证500增强C(009004), 西部利得中证500指数增强C(009300), 平安中证500指数增强A(009336), 平安中证500指数增强C(009337), 广发中证500指数增强A(009608), 广发中证500指数增强C(009609), 上银中证500指数增强型A(009613), 上银中证500指数增强型C(009614), 中加中证500指数增强A(010153), 中加中证500指数增强C(010154), 汇安中证500增强A(010157), 汇安中证500增强C(010158), 兴银中证500指数增强A(010253), 诺安中证500增强C(010355), 东财中证500A(010992), 东财中证500C(010993), 兴银中证500指数增强C(011205), 九泰中证500指数增强(011519), 泰康中证500ETF联接A(011964), 易方达中证500量化增强A(012080), 易方达中证500量化增强C(012081), 汇添富中证500基本面增强指数A(012498), 汇添富中证500基本面增强指数C(012499), 民生加银中证500指数增强发起式A(012926), 民生加银中证500指数增强发起式C(012927), 中信保诚中证500指数（LOF）C(013119), 华夏中证500指数智选增强A(013233), 华夏中证500指数智选增强C(013234), 富国中证500指数增强（LOF）C(013332), 光大保德信中证500指数增强A(013639), 光大保德信中证500指数增强C(013640), 国泰中证500ETF发起联接A(013833), 国泰中证500ETF发起联接C(013834), 圆信永丰中证500指数增强发起A(013878), 圆信永丰中证500指数增强发起C(013879), 长信中证500指数C(013881), 工银中证500六个月持有指数增强A(014133), 工银中证500六个月持有指数增强C(014134), 国泰君安中证500指数增强A(014155), 国泰君安中证500指数增强C(014156), 华泰柏瑞中证500指数增强A(014305), 鹏华中证500指数增强A(014344), 鹏华中证500指数增强C(014345), 华安中证500指数增强A(014587), 中欧中证500指数增强A(015453), 兴业中证500指数增强A(015507), 建信中证500指数量化增强发起A(016267), 东方中证500指数增强A(016323), 华泰紫金中证500指数增强发起A(016865), 兴业中证500ETF发起式联接(016968), 嘉实中证500ETF联接C(070039), 工银中证500ETF联接A(164809), 海富通中证500增强A(519034), 中邮中证500指数增强A(590007), 农银中证500指数(660011), 汇添富中证500指数（LOF）A(501036), 汇添富中证500指数（LOF）C(501037), 西部利得中证500指数增强A(502000), 南方中证500ETF(510500), 广发中证500ETF(510510), 工银中证500ETF(510530), 方正富邦中证500ETF(510550), 国寿安保中证500ETF(510560), 兴业中证500ETF(510570), 易方达中证500ETF(510580), 平安中证500ETF(510590), 华夏中证500ETF(512500), 华泰柏瑞中证500ETF(512510), 中银证券中证500ETF(515190), 泰康500(515530), 中融500(515550), 南方中证500增强策略ETF(560100), 国泰中证500ETF(561350), 500指增(561550), 招商中证500增强策略ETF(561950), 易方达中证500增强策略ETF(563030), 景顺长城中证500增强策略ETF(159610), 博时中证500增强ETF(159678), 中证500ETF天弘(159820), 嘉实中证500ETF(159922), 景顺长城中证500ETF(159935), 博时中证500ETF(159968), 中证500(159982), 永赢中证500ETF(159999), 南方中证500ETF联接（LOF）A(160119), 鹏华中证500指数A类（LOF）(160616), 富国中证500指数增强（LOF）A/B(161017), 泰达宏利500指数增强（LOF）(162216), 广发中证500ETF联接（LOF）A(162711), 中信保诚中证500指数（LOF）A(165511)"
A股,H30202,2013-07-14,软件指数,成长,,-16.72%,-52.86%,43.40%,20.08%,1.5e+02,90.40%,69.03%,6.4,54.88%,43.17%,4.27%,0.029,0.30%,"国泰中证全指软件ETF联接A(012636), 国泰中证全指软件ETF联接C(012637), 国泰中证全指软件ETF(515230), 招商中证全指软件ETF(159899)"
A股,931480,2020-05-05,线上消费,成长,,-30.53%,-60.72%,43.46%,43.95%,1.1e+02,93.14%,65.02%,3.6,67.94%,43.34%,3.27%,0.03,0.59%,线上消费ETF(159725)
A股,000044,2009-07-02,上证中盘,宽基,,-17.38%,-53.49%,43.71%,21.04%,1e+01,24.84%,25.08%,1.1,9.73%,13.58%,11.00%,1.1,3.72%,"易方达上证中盘ETF联接C(004743), 易方达上证中盘ETF联接A(110021), 易方达上证中盘ETF(510130)"
A股,399974,2014-08-06,国企改革,价值,,-21.32%,-55.92%,43.98%,27.10%,1.2e+01,32.58%,30.25%,1.5,24.55%,25.95%,12.50%,1.0,3.18%,"英大国企改革(001678), 易方达中证国有企业改革指数（LOF）C(012873), 富国中证国有企业改革指数C(014174), 易方达中证国有企业改革指数（LOF）A(502006), 富国中证国有企业改革指数A(161026)"
A股,930716,2015-07-30,CS物流,成长,,-17.99%,-54.31%,44.29%,21.94%,7.7,5.80%,13.83%,1.4,1.15%,4.68%,18.18%,2.4,6.38%,"物流快递(516530), 富国中证现代物流ETF(516910)"
A股,930902,2016-10-17,中证数据,成长,,-27.60%,-60.25%,45.10%,38.12%,1e+02,81.38%,63.35%,5.0,89.95%,48.88%,5.00%,0.049,0.28%,"富国中证大数据产业ETF发起式联接A(018134), 富国中证大数据产业ETF(515400), 华夏中证大数据产业ETF(516000), 大数据产业ETF(516700)"
A股,000009,2010-11-28,上证380,宽基,,-17.00%,-54.57%,45.27%,20.48%,1.4e+01,0.86%,6.96%,1.6,1.07%,4.04%,11.43%,0.83,2.59%,"南方上证380ETF联接C(007571), 南方上证380ETF联接A(202025), 南方上证380ETF(510290)"
A股,000986,2011-08-01,全指能源,周期,,-16.41%,-54.25%,45.27%,19.63%,7.9,5.25%,13.57%,1.1,46.47%,34.29%,13.92%,1.8,7.22%,广发中证全指能源ETF(159945)
A股,000901,2010-04-01,小康指数,价值,,-13.35%,-52.68%,45.39%,15.41%,1e+01,26.77%,16.31%,1.1,10.10%,13.36%,11.00%,1.1,3.88%,"南方中证小康产业ETF联接C(004346), 南方中证小康产业ETF联接A(202021), 南方中证小康产业ETF(510160)"
A股,399803,2015-02-12,工业4.0,成长,,-28.95%,-61.21%,45.40%,40.75%,2.9e+01,12.36%,18.47%,4.0,21.39%,30.33%,13.79%,0.48,1.17%,"富国中证工业4.0指数C(014172), 富国中证工业4.0指数A(161031)"
A股,000998,2011-11-07,中证TMT,成长,,-24.27%,-58.89%,45.72%,32.05%,3.3e+01,22.54%,41.55%,2.8,17.65%,29.76%,8.48%,0.26,1.65%,"中信保诚中证TMT指数（LOF）C(013122), 中信保诚中证TMT指数（LOF）A(165522)"
A股,399996,2014-09-16,智能家居,成长,,-21.27%,-57.81%,46.41%,27.02%,2.9e+01,40.90%,39.85%,3.2,26.00%,26.93%,11.03%,0.38,1.47%,"中信保诚中证智能家居指数（LOF）C(013084), 中信保诚中证智能家居指数（LOF）A(165524)"
A股,000928,2009-07-02,中证能源,价值,,-13.42%,-54.25%,47.16%,15.50%,8.4,6.20%,17.23%,1.1,43.56%,34.00%,13.10%,1.6,6.74%,汇添富中证能源ETF(159930)
A股,399991,2015-02-15,一带一路,价值,,-15.26%,-55.47%,47.45%,18.01%,1.2e+01,20.25%,20.30%,1.2,37.87%,18.32%,10.00%,0.84,3.59%,"安信一带一路指数(167503), 鹏华中证一带一路主题指数(LOF)A(160638)"
A股,399973,2014-04-14,中证国防,成长,,-38.12%,-67.69%,47.79%,61.60%,4.3e+01,6.40%,9.57%,3.4,32.59%,29.83%,7.91%,0.19,0.61%,"鹏华国防C(012041), 国防ETF(512670), 鹏华国防A(160630)"
A股,399624,2011-08-14,中创400,成长,,-17.70%,-57.95%,48.91%,21.51%,4.1e+01,37.71%,45.98%,2.7,18.47%,23.39%,6.59%,0.16,0.99%,"嘉实中创400ETF联接C(005727), 嘉实中创400ETF联接A(070030), 嘉实中创400ETF(159918)"
A股,399806,2014-07-20,环境治理,成长,,-28.08%,-63.61%,49.40%,39.04%,3.5e+01,64.55%,51.08%,1.8,34.25%,21.94%,5.14%,0.15,1.19%,"交银中证环境治理指数(LOF)C(013413), 交银中证环境治理指数(LOF)A(164908), 汇添富中证环境治理指数A(501030), 汇添富中证环境治理指数C(501031)"
A股,399994,2015-03-11,信息安全,成长,,-26.07%,-62.95%,49.89%,35.26%,8.8e+01,78.94%,60.28%,4.2,49.03%,34.82%,4.77%,0.054,0.51%,"中信保诚中证信息安全指数（LOF）C(013083), 中信保诚中证信息安全指数（LOF）A(165523), 嘉实中证信息安全主题ETF(159613)"
A股,399303,2014-03-27,国证2000,宽基,,-11.13%,-55.66%,50.11%,12.52%,4.6e+01,53.21%,49.46%,2.4,38.33%,27.20%,5.22%,0.11,1.03%,"申万菱信国证2000指数增强型发起式A(015921), 万家国证2000ETF发起式联接A(016788), 天弘国证2000指数增强A(017547), 鹏华国证2000指数增强A(017892), 万家国证2000ETF(159628)"
A股,399970,2014-05-04,移动互联,成长,,-18.33%,-59.28%,50.14%,22.44%,4.9e+01,71.33%,56.74%,3.9,29.12%,30.86%,7.96%,0.16,0.79%,"富国中证移动互联网指数C(014173), 鹏华中证移动互联网指数(LOF)A(160636), 富国中证移动互联网指数A(161025)"
A股,399995,2015-03-11,基建工程,价值,,-11.70%,-56.24%,50.44%,13.25%,8.3,37.27%,24.67%,0.93,33.42%,18.94%,11.20%,1.3,2.43%,"广发中证基建工程ETF联接A(005223), 广发中证基建工程ETF联接C(005224), 信诚中证基建工程指数（LOF）C(013082), 广发中证基建工程ETF(516970), 信诚中证基建工程指数（LOF）A(165525)"
A股,931456,2020-04-20,中国教育,成长,,-67.79%,-84.39%,51.54%,210.46%,9.4e+01,4.38%,16.95%,3.3,59.93%,52.19%,3.51%,0.037,0.76%,博时全球中国教育(QDII-ETF)(513360)
A股,930851,2016-07-19,云计算,成长,,-16.01%,-59.60%,51.90%,19.06%,1.1e+02,86.17%,66.75%,6.0,96.46%,54.56%,5.45%,0.049,0.25%,"东财云计算指数增强A(012321), 东财云计算指数增强C(012322), 融通中证云计算与大数据主题指数（LOF）C(014130), 易方达中证云计算与大数据主题ETF联接发起式A(017853), 融通中证云计算与大数据主题指数（LOF）A(161628), 易方达中证云计算与大数据主题ETF(516510), 华夏中证云计算与大数据主题ETF(516630), 大数据ETF(159739), 招商中证云计算ETF(159890)"
A股,399807,2015-01-19,高铁产业,价值,,-7.02%,-56.34%,53.04%,7.55%,1.3e+01,46.04%,28.50%,1.1,34.10%,23.60%,8.46%,0.64,2.12%,"南方中证高铁产业指数（LOF）(160135), 鹏华中证高铁产业指数(LOF)A(160639)"
A股,000852,2014-10-16,中证1000,宽基,,-17.22%,-61.61%,53.62%,20.80%,3.7e+01,39.38%,48.90%,2.4,24.88%,27.32%,6.49%,0.18,1.11%,"创金合信中证1000增强A(003646), 创金合信中证1000增强C(003647), 招商中证1000指数增强A(004194), 招商中证1000指数增强C(004195), 万家中证1000指数增强A(005313), 万家中证1000指数增强C(005314), 建信中证1000指数增强A(006165), 建信中证1000指数增强C(006166), 广发中证1000ETF联接A(006486), 广发中证1000ETF联接C(006487), 南方中证1000ETF发起联接A(011860), 南方中证1000ETF发起联接C(011861), 富国中证1000指数增强（LOF）C(013331), 建信中证1000指数增强发起E(013442), 华夏中证1000ETF发起式联接A(013922), 华夏中证1000ETF发起式联接C(013923), 华夏中证1000指数增强A(014125), 华夏中证1000指数增强C(014126), 天弘中证1000指数增强A(014201), 天弘中证1000指数增强C(014202), 兴银中证1000指数增强A(014831), 兴银中证1000指数增强C(014832), 华安中证1000指数增强A(015148), 太平中证1000指数增强A(015466), 景顺长城中证1000指数增强A(015495), 中信建投中证1000指数增强A(015784), 国泰君安中证1000指数增强A(015867), 易方达中证1000ETF联接A(016630), 富国中证1000ETF联接A(016633), 嘉实中证1000指数增强发起式A(016776), 鹏华中证1000指数增强A(016785), 工银中证1000指数增强(016942), 国联安中证1000指数增强A(016962), 申万菱信中证1000指数增强A(017067), 鑫元中证1000指数增强发起式A(017190), 中金中证1000指数增强发起A(017733), 国金中证1000指数增强(017846), 中欧中证1000指数增强A(017919), 华宝中证1000指数(162413), 南方中证1000ETF(512100), 中证1000(516300), 广发中证1000ETF(560010), 汇添富中证1000ETF(560110), 1000增强(561590), 富国中证1000ETF(159629), 易方达中证1000ETF(159633), 1000增强ETF(159677), 国泰中证1000增强策略ETF(159679), 招商中证1000增强策略ETF(159680), 1000增强ETF天弘(159685), 华夏中证1000ETF(159845), 富国中证1000指数增强（LOF）A(161039)"
A股,930651,2015-06-04,CS计算机,成长,,-23.03%,-65.10%,54.66%,29.92%,7e+01,75.74%,51.78%,5.1,66.27%,42.91%,7.29%,0.1,0.57%,"天弘中证计算机主题ETF联接A(001629), 天弘中证计算机主题ETF联接C(001630), 国泰中证计算机主题ETF联接C(010210), 国泰中证计算机主题ETF联接A(160224), 国泰中证计算机主题ETF(512720), 计算机ETF(159998)"
A股,399967,2013-12-25,中证军工,成长,,-27.23%,-67.12%,54.82%,37.42%,5.9e+01,27.20%,24.30%,3.0,32.32%,31.89%,5.08%,0.086,0.48%,"前海开源中证军工指数A(000596), 前海开源中证军工指数C(002199), 广发中证军工ETF联接A(003017), 广发中证军工ETF联接C(005693), 易方达中证军工指数（LOF）C(012842), 富国中证军工指数C(013035), 易方达中证军工指数（LOF）A(502003), 易方达中证军工ETF(512560), 国泰中证军工ETF(512660), 广发中证军工ETF(512680), 华宝中证军工ETF(512810), 富国中证军工指数A(161024), 申万菱信中证军工指数A(163115)"
A股,930781,2016-02-03,中证影视,成长,,-26.04%,-66.91%,55.26%,35.21%,-1.2e+03,55.84%,101.37%,2.5,36.05%,31.86%,-0.21%,,0.52%,"国泰中证影视主题ETF(516620), 影视ETF(159855)"
A股,930794,2016-04-21,中美互联网,成长,,0.00%,-55.83%,55.83%,0.00%,3.6e+01,58.02%,33.11%,5.3,16.46%,32.54%,14.72%,0.41,0.13%,"天弘中证中美互联网A(009225), 天弘中证中美互联网C(009226)"
A股,930901,2016-10-17,动漫游戏,成长,,-10.75%,-63.43%,59.03%,12.04%,1.1e+03,81.50%,98.48%,4.4,81.01%,60.68%,0.40%,0.00035,0.79%,"国泰中证动漫游戏ETF联接A(012728), 国泰中证动漫游戏ETF联接C(012729), 华夏中证动漫游戏ETF发起式联接A(012768), 华夏中证动漫游戏ETF发起式联接C(012769), 国泰中证动漫游戏ETF(516010), 游戏动漫ETF(516770), 华夏中证动漫游戏ETF(159869)"
A股,399804,2015-02-08,中证体育,成长,,-15.68%,-69.69%,64.05%,18.60%,8.3e+01,96.25%,78.53%,4.0,68.30%,47.91%,4.82%,0.058,1.09%,"富国中证体育产业指数C(013278), 富国中证体育产业指数A(161030)"
A股,399971,2014-04-14,中证传媒,成长,,-11.66%,-69.05%,64.96%,13.20%,7.2e+01,92.39%,73.33%,2.9,43.91%,47.79%,4.03%,0.056,1.38%,"广发中证传媒ETF联接A(004752), 广发中证传媒ETF联接C(004753), 工银传媒指数C(010677), 工银传媒指数A(164818), 广发中证传媒ETF(512980), 传媒ETF(159805), 鹏华中证传媒指数(LOF)A(160629)"
